seed,ks,mu,yield,colony,category,biggest_loser,expected,rv,cph
27355,3.5e-05,0.00028,0.61,1,Languishing,False,0.111,0.027355,7.8393e-05
27355,3.5e-05,0.00028,0.61,2,Languishing,False,0.111,0.01392,3.4964e-06
27355,3.5e-05,0.00028,0.61,3,Thriving,False,0.111,0.748,354.39
27355,3.5e-05,0.00028,0.61,4,Languishing,False,0.111,0.014568,1.8755e-06
27355,3.5e-05,0.00028,0.61,5,Languishing,False,0.111,0.039661,0.00034404
27355,3.5e-05,0.00028,0.61,6,Languishing,True,0.111,0.011193,0.0015343
27355,3.5e-05,0.00028,0.61,7,Languishing,False,0.111,0.051611,0.00016901
27355,3.5e-05,0.00028,0.61,8,Languishing,False,0.111,0.034982,0.0016916
27355,3.5e-05,0.00028,0.61,9,Languishing,False,0.111,0.058714,0.0
27560,3.5e-05,0.00028,0.61,1,Languishing,False,0.111,0.017451,1.4495e-05
27560,3.5e-05,0.00028,0.61,2,Languishing,False,0.111,0.043557,0.00085021
27560,3.5e-05,0.00028,0.61,3,Languishing,False,0.111,0.027531,0.00017758
27560,3.5e-05,0.00028,0.61,4,Languishing,False,0.111,0.025195,8.3468e-05
27560,3.5e-05,0.00028,0.61,5,Languishing,False,0.111,0.019785,4.806e-05
27560,3.5e-05,0.00028,0.61,6,Surviving,True,0.111,0.014886,378.91
27560,3.5e-05,0.00028,0.61,7,Thriving,False,0.111,0.79713,2.7695e-05
27560,3.5e-05,0.00028,0.61,8,Languishing,False,0.111,0.0225,0.00029905
27560,3.5e-05,0.00028,0.61,9,Languishing,False,0.111,0.031969,0.0
28070,3.5e-05,0.00028,0.61,1,Thriving,False,0.111,0.80145,372.43
28070,3.5e-05,0.00028,0.61,2,Languishing,False,0.111,0.040431,0.00051313
28070,3.5e-05,0.00028,0.61,3,Languishing,True,0.111,0.014579,1.0504e-05
28070,3.5e-05,0.00028,0.61,4,Languishing,False,0.111,0.027871,0.0001368
28070,3.5e-05,0.00028,0.61,5,Languishing,False,0.111,0.016062,3.2947e-05
28070,3.5e-05,0.00028,0.61,6,Languishing,False,0.111,0.020712,0.00038922
28070,3.5e-05,0.00028,0.61,7,Languishing,False,0.111,0.03486,0.00029031
28070,3.5e-05,0.00028,0.61,8,Languishing,False,0.111,0.023398,0.00010604
28070,3.5e-05,0.00028,0.61,9,Languishing,False,0.111,0.020636,0.0
19700101,3.5e-05,0.00028,0.61,1,Languishing,False,0.111,0.014738,2.1679e-06
19700101,3.5e-05,0.00028,0.61,2,Thriving,False,0.111,0.15412,0.095781
19700101,3.5e-05,0.00028,0.61,3,Languishing,False,0.111,0.021417,1.2663e-05
19700101,3.5e-05,0.00028,0.61,4,Languishing,False,0.111,0.029007,5.6118e-05
19700101,3.5e-05,0.00028,0.61,5,Languishing,False,0.111,0.015351,6.7323e-06
19700101,3.5e-05,0.00028,0.61,6,Surviving,False,0.111,0.015827,372.84
19700101,3.5e-05,0.00028,0.61,7,Thriving,False,0.111,0.70756,3.3479e-06
19700101,3.5e-05,0.00028,0.61,8,Languishing,True,0.111,0.013922,0.00010447
19700101,3.5e-05,0.00028,0.61,9,Languishing,False,0.111,0.028063,0.0
29061,3.5e-05,0.00028,0.61,1,Languishing,False,0.111,0.018188,8.8498e-06
29061,3.5e-05,0.00028,0.61,2,Languishing,False,0.111,0.04367,0.00032982
29061,3.5e-05,0.00028,0.61,3,Languishing,False,0.111,0.029837,4.3528e-05
29061,3.5e-05,0.00028,0.61,4,Languishing,False,0.111,0.023096,1.447e-05
29061,3.5e-05,0.00028,0.61,5,Languishing,False,0.111,0.01863,1.9277e-05
29061,3.5e-05,0.00028,0.61,6,Thriving,False,0.111,0.76762,0.0030725
29061,3.5e-05,0.00028,0.61,7,Languishing,False,0.111,0.063263,7.9624e-06
29061,3.5e-05,0.00028,0.61,8,Languishing,True,0.111,0.016121,1.3251e-05
29061,3.5e-05,0.00028,0.61,9,Languishing,False,0.111,0.019581,0.0
28627,3.5e-05,0.00028,0.61,1,Languishing,False,0.111,0.030484,3.2712e-05
28627,3.5e-05,0.00028,0.61,2,Languishing,False,0.111,0.023225,2.3564e-05
28627,3.5e-05,0.00028,0.61,3,Thriving,False,0.111,0.69984,362.58
28627,3.5e-05,0.00028,0.61,4,Languishing,False,0.111,0.023217,2.6699e-05
28627,3.5e-05,0.00028,0.61,5,Languishing,False,0.111,0.023822,5.4482e-05
28627,3.5e-05,0.00028,0.61,6,Languishing,False,0.111,0.034522,0.042776
28627,3.5e-05,0.00028,0.61,7,Thriving,False,0.111,0.12517,1.5476e-05
28627,3.5e-05,0.00028,0.61,8,Languishing,False,0.111,0.023864,1.9205e-06
28627,3.5e-05,0.00028,0.61,9,Languishing,True,0.111,0.015861,0.0
27846,3.5e-05,0.00028,0.61,1,Languishing,False,0.111,0.020766,1.4565e-05
27846,3.5e-05,0.00028,0.61,2,Thriving,False,0.111,0.74025,361.5
27846,3.5e-05,0.00028,0.61,3,Languishing,False,0.111,0.015282,3.0605e-06
27846,3.5e-05,0.00028,0.61,4,Languishing,False,0.111,0.024898,5.1175e-05
27846,3.5e-05,0.00028,0.61,5,Languishing,False,0.111,0.013073,2.5388e-06
27846,3.5e-05,0.00028,0.61,6,Thriving,False,0.111,0.12797,7.807e-06
27846,3.5e-05,0.00028,0.61,7,Languishing,True,0.111,0.012991,5.2771e-05
27846,3.5e-05,0.00028,0.61,8,Languishing,False,0.111,0.025546,1.2778e-05
27846,3.5e-05,0.00028,0.61,9,Languishing,False,0.111,0.019228,0.0
28919,3.5e-05,0.00028,0.61,1,Languishing,False,0.111,0.023168,0.00032999
28919,3.5e-05,0.00028,0.61,2,Languishing,False,0.111,0.038457,0.0006324
28919,3.5e-05,0.00028,0.61,3,Languishing,False,0.111,0.01976,7.206e-05
28919,3.5e-05,0.00028,0.61,4,Languishing,False,0.111,0.023377,2.9502e-05
28919,3.5e-05,0.00028,0.61,5,Thriving,False,0.111,0.81428,365.7
28919,3.5e-05,0.00028,0.61,6,Languishing,False,0.111,0.017385,0.00024837
28919,3.5e-05,0.00028,0.61,7,Languishing,False,0.111,0.027188,7.3653e-06
28919,3.5e-05,0.00028,0.61,8,Languishing,True,0.111,0.01363,9.9519e-05
28919,3.5e-05,0.00028,0.61,9,Languishing,False,0.111,0.022754,0.0
28811,3.5e-05,0.00028,0.61,1,Thriving,False,0.111,0.19877,2.9028
28811,3.5e-05,0.00028,0.61,2,Languishing,False,0.111,0.019485,1.8682e-06
28811,3.5e-05,0.00028,0.61,3,Languishing,True,0.111,0.016481,1.235e-06
28811,3.5e-05,0.00028,0.61,4,Languishing,False,0.111,0.03499,3.2054e-05
28811,3.5e-05,0.00028,0.61,5,Languishing,False,0.111,0.054524,0.0013774
28811,3.5e-05,0.00028,0.61,6,Languishing,False,0.111,0.03006,1.5694e-06
28811,3.5e-05,0.00028,0.61,7,Languishing,False,0.111,0.018553,4.144e-06
28811,3.5e-05,0.00028,0.61,8,Surviving,False,0.111,0.021752,347.39
28811,3.5e-05,0.00028,0.61,9,Thriving,False,0.111,0.60539,0.0
27436,3.5e-05,0.00028,0.61,1,Languishing,False,0.111,0.03049,0.00043782
27436,3.5e-05,0.00028,0.61,2,Thriving,False,0.111,0.7229,371.55
27436,3.5e-05,0.00028,0.61,3,Languishing,False,0.111,0.061151,0.0023363
27436,3.5e-05,0.00028,0.61,4,Languishing,False,0.111,0.020103,5.0828e-05
27436,3.5e-05,0.00028,0.61,5,Languishing,False,0.111,0.03082,0.00035297
27436,3.5e-05,0.00028,0.61,6,Languishing,False,0.111,0.021314,0.00048487
27436,3.5e-05,0.00028,0.61,7,Languishing,False,0.111,0.042559,2.4916e-06
27436,3.5e-05,0.00028,0.61,8,Languishing,True,0.111,0.015357,0.0038065
27436,3.5e-05,0.00028,0.61,9,Languishing,False,0.111,0.055301,0.0
26034,3.5e-05,0.00028,0.61,1,Languishing,False,0.111,0.019393,3.2156e-05
26034,3.5e-05,0.00028,0.61,2,Languishing,False,0.111,0.03274,0.00017382
26034,3.5e-05,0.00028,0.61,3,Languishing,False,0.111,0.025352,0.00011607
26034,3.5e-05,0.00028,0.61,4,Languishing,True,0.111,0.017655,2.1248e-05
26034,3.5e-05,0.00028,0.61,5,Languishing,False,0.111,0.076561,0.025628
26034,3.5e-05,0.00028,0.61,6,Surviving,False,0.111,0.022581,356.24
26034,3.5e-05,0.00028,0.61,7,Thriving,False,0.111,0.76151,4.7364e-05
26034,3.5e-05,0.00028,0.61,8,Languishing,False,0.111,0.025869,2.0484e-05
26034,3.5e-05,0.00028,0.61,9,Languishing,False,0.111,0.018339,0.0
28587,3.5e-05,0.00028,0.61,1,Languishing,False,0.111,0.022462,1.4694e-05
28587,3.5e-05,0.00028,0.61,2,Languishing,False,0.111,0.039999,0.0003028
28587,3.5e-05,0.00028,0.61,3,Thriving,False,0.111,0.76517,378.1
28587,3.5e-05,0.00028,0.61,4,Languishing,True,0.111,0.016061,1.5816e-05
28587,3.5e-05,0.00028,0.61,5,Languishing,False,0.111,0.044973,0.0007828
28587,3.5e-05,0.00028,0.61,6,Languishing,False,0.111,0.024385,0.00047517
28587,3.5e-05,0.00028,0.61,7,Languishing,False,0.111,0.041797,1.2715e-05
28587,3.5e-05,0.00028,0.61,8,Languishing,False,0.111,0.019434,2.5106e-05
28587,3.5e-05,0.00028,0.61,9,Languishing,False,0.111,0.025715,0.0
28022,3.5e-05,0.00028,0.61,1,Languishing,False,0.111,0.01637,6.8732e-05
28022,3.5e-05,0.00028,0.61,2,Languishing,False,0.111,0.013297,1.4376e-05
28022,3.5e-05,0.00028,0.61,3,Languishing,False,0.111,0.015317,3.0568e-05
28022,3.5e-05,0.00028,0.61,4,Languishing,False,0.111,0.021092,6.7917e-05
28022,3.5e-05,0.00028,0.61,5,Thriving,False,0.111,0.84828,393.14
28022,3.5e-05,0.00028,0.61,6,Languishing,True,0.111,0.011869,2.0914e-05
28022,3.5e-05,0.00028,0.61,7,Languishing,False,0.111,0.012363,1.4231e-05
28022,3.5e-05,0.00028,0.61,8,Languishing,False,0.111,0.014951,0.0010484
28022,3.5e-05,0.00028,0.61,9,Languishing,False,0.111,0.046465,0.0
28633,3.5e-05,0.00028,0.61,1,Languishing,False,0.111,0.027155,0.00015761
28633,3.5e-05,0.00028,0.61,2,Languishing,False,0.111,0.016223,5.3238e-06
28633,3.5e-05,0.00028,0.61,3,Languishing,False,0.111,0.095753,0.043115
28633,3.5e-05,0.00028,0.61,4,Languishing,False,0.111,0.024545,3.4286e-05
28633,3.5e-05,0.00028,0.61,5,Languishing,False,0.111,0.032804,0.00022141
28633,3.5e-05,0.00028,0.61,6,Surviving,False,0.111,0.069467,357.82
28633,3.5e-05,0.00028,0.61,7,Thriving,False,0.111,0.7011,9.4333e-06
28633,3.5e-05,0.00028,0.61,8,Languishing,False,0.111,0.016822,4.7208e-06
28633,3.5e-05,0.00028,0.61,9,Languishing,True,0.111,0.01613,0.0
28724,3.5e-05,0.00028,0.61,1,Languishing,False,0.111,0.019652,1.1734e-05
28724,3.5e-05,0.00028,0.61,2,Languishing,False,0.111,0.099047,0.014022
28724,3.5e-05,0.00028,0.61,3,Languishing,False,0.111,0.019778,1.546e-05
28724,3.5e-05,0.00028,0.61,4,Languishing,False,0.111,0.028315,5.3813e-05
28724,3.5e-05,0.00028,0.61,5,Languishing,True,0.111,0.012631,1.8916e-06
28724,3.5e-05,0.00028,0.61,6,Thriving,False,0.111,0.76372,3.9879e-05
28724,3.5e-05,0.00028,0.61,7,Languishing,False,0.111,0.02126,2.3146e-05
28724,3.5e-05,0.00028,0.61,8,Languishing,False,0.111,0.02176,4.503e-06
28724,3.5e-05,0.00028,0.61,9,Languishing,False,0.111,0.013838,0.0
1138,3.5e-05,0.00028,0.61,1,Languishing,False,0.111,0.018487,1.9592e-05
1138,3.5e-05,0.00028,0.61,2,Languishing,False,0.111,0.024173,6.3751e-05
1138,3.5e-05,0.00028,0.61,3,Languishing,False,0.111,0.067954,0.0030424
1138,3.5e-05,0.00028,0.61,4,Languishing,False,0.111,0.019095,5.0168e-05
1138,3.5e-05,0.00028,0.61,5,Languishing,False,0.111,0.022159,6.6032e-05
1138,3.5e-05,0.00028,0.61,6,Languishing,False,0.111,0.026643,1.7473e-05
1138,3.5e-05,0.00028,0.61,7,Surviving,False,0.111,0.018587,379.97
1138,3.5e-05,0.00028,0.61,8,Thriving,False,0.111,0.79085,1.2651e-06
1138,3.5e-05,0.00028,0.61,9,Languishing,True,0.111,0.012048,0.0
1031,3.5e-05,0.00028,0.61,1,Languishing,False,0.111,0.030485,0.00026606
1031,3.5e-05,0.00028,0.61,2,Languishing,True,0.111,0.014494,1.2419e-05
1031,3.5e-05,0.00028,0.61,3,Languishing,False,0.111,0.021459,3.7622e-05
1031,3.5e-05,0.00028,0.61,4,Languishing,False,0.111,0.015225,8.2798e-06
1031,3.5e-05,0.00028,0.61,5,Thriving,False,0.111,0.80728,391.77
1031,3.5e-05,0.00028,0.61,6,Languishing,False,0.111,0.014983,1.3719e-05
1031,3.5e-05,0.00028,0.61,7,Languishing,False,0.111,0.015318,2.4945e-05
1031,3.5e-05,0.00028,0.61,8,Languishing,False,0.111,0.018121,0.0019122
1031,3.5e-05,0.00028,0.61,9,Languishing,False,0.111,0.062638,0.0
27581,3.5e-05,0.00028,0.61,1,Languishing,True,0.111,0.011732,1.2041e-06
27581,3.5e-05,0.00028,0.61,2,Thriving,False,0.111,0.12488,0.027025
27581,3.5e-05,0.00028,0.61,3,Thriving,False,0.111,0.7179,370.45
27581,3.5e-05,0.00028,0.61,4,Languishing,False,0.111,0.05948,0.0030191
27581,3.5e-05,0.00028,0.61,5,Languishing,False,0.111,0.015215,2.9606e-05
27581,3.5e-05,0.00028,0.61,6,Languishing,False,0.111,0.016227,4.2436e-05
27581,3.5e-05,0.00028,0.61,7,Languishing,False,0.111,0.019891,6.0319e-05
27581,3.5e-05,0.00028,0.61,8,Languishing,False,0.111,0.01813,3.1632e-05
27581,3.5e-05,0.00028,0.61,9,Languishing,False,0.111,0.016545,0.0
27734,3.5e-05,0.00028,0.61,1,Thriving,False,0.111,0.82191,373.5
27734,3.5e-05,0.00028,0.61,2,Languishing,False,0.111,0.019578,2.7671e-05
27734,3.5e-05,0.00028,0.61,3,Languishing,False,0.111,0.016585,1.4316e-05
27734,3.5e-05,0.00028,0.61,4,Languishing,False,0.111,0.021957,5.2457e-05
27734,3.5e-05,0.00028,0.61,5,Languishing,False,0.111,0.016957,3.8524e-05
27734,3.5e-05,0.00028,0.61,6,Languishing,False,0.111,0.022416,4.4725e-06
27734,3.5e-05,0.00028,0.61,7,Languishing,True,0.111,0.014421,4.9304e-05
27734,3.5e-05,0.00028,0.61,8,Languishing,False,0.111,0.022324,0.00055476
27734,3.5e-05,0.00028,0.61,9,Languishing,False,0.111,0.043854,0.0
29153,3.5e-05,0.00028,0.61,1,Languishing,False,0.111,0.017505,5.0036e-05
29153,3.5e-05,0.00028,0.61,2,Languishing,False,0.111,0.025582,0.00026542
29153,3.5e-05,0.00028,0.61,3,Languishing,False,0.111,0.022336,4.4457e-05
29153,3.5e-05,0.00028,0.61,4,Languishing,False,0.111,0.016365,2.3945e-05
29153,3.5e-05,0.00028,0.61,5,Languishing,False,0.111,0.015741,3.0374e-05
29153,3.5e-05,0.00028,0.61,6,Languishing,True,0.111,0.014458,0.0045833
29153,3.5e-05,0.00028,0.61,7,Languishing,False,0.111,0.088043,4.7131e-05
29153,3.5e-05,0.00028,0.61,8,Surviving,False,0.111,0.026976,371.99
29153,3.5e-05,0.00028,0.61,9,Thriving,False,0.111,0.77299,0.0
28226,3.5e-05,0.00028,0.61,1,Languishing,False,0.111,0.014291,3.7153e-06
28226,3.5e-05,0.00028,0.61,2,Languishing,False,0.111,0.030154,0.00019219
28226,3.5e-05,0.00028,0.61,3,Languishing,False,0.111,0.026001,8.7669e-05
28226,3.5e-05,0.00028,0.61,4,Languishing,False,0.111,0.028055,6.1108e-05
28226,3.5e-05,0.00028,0.61,5,Languishing,False,0.111,0.044011,0.0012577
28226,3.5e-05,0.00028,0.61,6,Surviving,False,0.111,0.035406,372.37
28226,3.5e-05,0.00028,0.61,7,Thriving,False,0.111,0.78579,2.483e-06
28226,3.5e-05,0.00028,0.61,8,Languishing,True,0.111,0.012953,1.6577e-05
28226,3.5e-05,0.00028,0.61,9,Languishing,False,0.111,0.023337,0.0
27401,3.5e-05,0.00028,0.61,1,Languishing,False,0.111,0.020041,1.7042e-05
27401,3.5e-05,0.00028,0.61,2,Languishing,False,0.111,0.050856,0.00086453
27401,3.5e-05,0.00028,0.61,3,Languishing,True,0.111,0.013271,1.4006e-06
27401,3.5e-05,0.00028,0.61,4,Languishing,False,0.111,0.015279,2.6831e-06
27401,3.5e-05,0.00028,0.61,5,Languishing,False,0.111,0.029136,6.0558e-05
27401,3.5e-05,0.00028,0.61,6,Thriving,False,0.111,0.71754,0.033257
27401,3.5e-05,0.00028,0.61,7,Languishing,False,0.111,0.093153,1.3335e-05
27401,3.5e-05,0.00028,0.61,8,Languishing,False,0.111,0.022287,0.00027499
27401,3.5e-05,0.00028,0.61,9,Languishing,False,0.111,0.038431,0.0
28380,3.5e-05,0.00028,0.61,1,Languishing,False,0.111,0.02421,1.5525e-05
28380,3.5e-05,0.00028,0.61,2,Thriving,False,0.111,0.12259,0.021576
28380,3.5e-05,0.00028,0.61,3,Languishing,False,0.111,0.02235,1.2325e-05
28380,3.5e-05,0.00028,0.61,4,Languishing,False,0.111,0.020399,1.3385e-05
28380,3.5e-05,0.00028,0.61,5,Languishing,True,0.111,0.015923,5.5086e-06
28380,3.5e-05,0.00028,0.61,6,Surviving,False,0.111,0.024847,362.32
28380,3.5e-05,0.00028,0.61,7,Thriving,False,0.111,0.71673,7.9754e-06
28380,3.5e-05,0.00028,0.61,8,Languishing,False,0.111,0.017972,0.00011111
28380,3.5e-05,0.00028,0.61,9,Languishing,False,0.111,0.034988,0.0
31392,3.5e-05,0.00028,0.61,1,Languishing,False,0.111,0.034097,0.00028045
31392,3.5e-05,0.00028,0.61,2,Languishing,False,0.111,0.032507,0.00029382
31392,3.5e-05,0.00028,0.61,3,Languishing,True,0.111,0.016531,5.2086e-06
31392,3.5e-05,0.00028,0.61,4,Languishing,False,0.111,0.022291,2.9702e-05
31392,3.5e-05,0.00028,0.61,5,Languishing,False,0.111,0.022658,9.859e-05
31392,3.5e-05,0.00028,0.61,6,Thriving,False,0.111,0.77836,0.00079184
31392,3.5e-05,0.00028,0.61,7,Languishing,False,0.111,0.03628,0.00016794
31392,3.5e-05,0.00028,0.61,8,Languishing,False,0.111,0.026304,0.00025012
31392,3.5e-05,0.00028,0.61,9,Languishing,False,0.111,0.030973,0.0
28272,3.5e-05,0.00028,0.61,1,Thriving,False,0.111,0.7358,371.29
28272,3.5e-05,0.00028,0.61,2,Languishing,False,0.111,0.029537,7.2816e-05
28272,3.5e-05,0.00028,0.61,3,Languishing,False,0.111,0.01597,1.6351e-06
28272,3.5e-05,0.00028,0.61,4,Languishing,False,0.111,0.056465,0.0015166
28272,3.5e-05,0.00028,0.61,5,Languishing,True,0.111,0.014916,7.7903e-06
28272,3.5e-05,0.00028,0.61,6,Languishing,False,0.111,0.041864,6.6613e-06
28272,3.5e-05,0.00028,0.61,7,Languishing,False,0.111,0.020402,2.4263e-05
28272,3.5e-05,0.00028,0.61,8,Languishing,False,0.111,0.019903,0.0027979
28272,3.5e-05,0.00028,0.61,9,Languishing,False,0.111,0.065147,0.0
27384,3.5e-05,0.00028,0.61,1,Languishing,False,0.111,0.016514,3.1341e-05
27384,3.5e-05,0.00028,0.61,2,Languishing,False,0.111,0.02506,0.00010408
27384,3.5e-05,0.00028,0.61,3,Languishing,False,0.111,0.017749,3.4705e-05
27384,3.5e-05,0.00028,0.61,4,Languishing,False,0.111,0.016137,1.8941e-05
27384,3.5e-05,0.00028,0.61,5,Languishing,False,0.111,0.024388,8.4318e-05
27384,3.5e-05,0.00028,0.61,6,Thriving,False,0.111,0.84027,0.00023853
27384,3.5e-05,0.00028,0.61,7,Languishing,False,0.111,0.025098,7.3179e-05
27384,3.5e-05,0.00028,0.61,8,Languishing,False,0.111,0.020181,1.4049e-05
27384,3.5e-05,0.00028,0.61,9,Languishing,True,0.111,0.014605,0.0
27752,3.5e-05,0.00028,0.61,1,Languishing,True,0.111,0.014779,2.7485e-06
27752,3.5e-05,0.00028,0.61,2,Languishing,False,0.111,0.036757,0.00029756
27752,3.5e-05,0.00028,0.61,3,Languishing,False,0.111,0.034404,0.00051711
27752,3.5e-05,0.00028,0.61,4,Languishing,False,0.111,0.028986,0.00010262
27752,3.5e-05,0.00028,0.61,5,Languishing,False,0.111,0.02059,5.5715e-05
27752,3.5e-05,0.00028,0.61,6,Surviving,False,0.111,0.017484,370.09
27752,3.5e-05,0.00028,0.61,7,Thriving,False,0.111,0.80351,1.1972e-05
27752,3.5e-05,0.00028,0.61,8,Languishing,False,0.111,0.01589,7.6437e-05
27752,3.5e-05,0.00028,0.61,9,Languishing,False,0.111,0.0276,0.0
19790825,3.5e-05,0.00028,0.61,1,Languishing,False,0.111,0.013536,7.8173e-06
19790825,3.5e-05,0.00028,0.61,2,Languishing,False,0.111,0.088197,0.013964
19790825,3.5e-05,0.00028,0.61,3,Languishing,False,0.111,0.019118,3.6923e-05
19790825,3.5e-05,0.00028,0.61,4,Languishing,True,0.111,0.013311,4.7602e-06
19790825,3.5e-05,0.00028,0.61,5,Thriving,False,0.111,0.71103,363.32
19790825,3.5e-05,0.00028,0.61,6,Languishing,False,0.111,0.018504,0.0015304
19790825,3.5e-05,0.00028,0.61,7,Languishing,False,0.111,0.049906,0.00062889
19790825,3.5e-05,0.00028,0.61,8,Languishing,False,0.111,0.056642,0.00018245
19790825,3.5e-05,0.00028,0.61,9,Languishing,False,0.111,0.029761,0.0
28114,3.5e-05,0.00028,0.61,1,Languishing,False,0.111,0.013035,2.0202e-08
28114,3.5e-05,0.00028,0.61,2,Thriving,False,0.111,0.29377,148.59
28114,3.5e-05,0.00028,0.61,3,Languishing,False,0.111,0.019444,5.3349e-07
28114,3.5e-05,0.00028,0.61,4,Thriving,False,0.111,0.4098,156.55
28114,3.5e-05,0.00028,0.61,5,Languishing,False,0.111,0.025967,6.2842e-06
28114,3.5e-05,0.00028,0.61,6,Surviving,False,0.111,0.01661,19.323
28114,3.5e-05,0.00028,0.61,7,Thriving,False,0.111,0.18034,3.513e-07
28114,3.5e-05,0.00028,0.61,8,Languishing,True,0.111,0.012627,2.3834e-06
28114,3.5e-05,0.00028,0.61,9,Languishing,False,0.111,0.017821,0.0
27844,3.5e-05,0.00028,0.61,1,Languishing,False,0.111,0.036616,0.00025476
27844,3.5e-05,0.00028,0.61,2,Languishing,False,0.111,0.026216,0.00026342
27844,3.5e-05,0.00028,0.61,3,Languishing,False,0.111,0.021078,7.1012e-05
27844,3.5e-05,0.00028,0.61,4,Thriving,False,0.111,0.81955,359.88
27844,3.5e-05,0.00028,0.61,5,Languishing,True,0.111,0.015955,1.0252e-05
27844,3.5e-05,0.00028,0.61,6,Languishing,False,0.111,0.016426,1.4411e-05
27844,3.5e-05,0.00028,0.61,7,Languishing,False,0.111,0.019472,0.00010112
27844,3.5e-05,0.00028,0.61,8,Languishing,False,0.111,0.023304,8.406e-05
27844,3.5e-05,0.00028,0.61,9,Languishing,False,0.111,0.021385,0.0
28541,3.5e-05,0.00028,0.61,1,Languishing,False,0.111,0.021095,3.7008e-05
28541,3.5e-05,0.00028,0.61,2,Languishing,False,0.111,0.029598,0.00018939
28541,3.5e-05,0.00028,0.61,3,Thriving,False,0.111,0.78427,372.45
28541,3.5e-05,0.00028,0.61,4,Languishing,False,0.111,0.022119,9.2359e-05
28541,3.5e-05,0.00028,0.61,5,Languishing,False,0.111,0.030174,0.00032059
28541,3.5e-05,0.00028,0.61,6,Languishing,False,0.111,0.021951,1.9726e-05
28541,3.5e-05,0.00028,0.61,7,Languishing,True,0.111,0.012766,1.9353e-05
28541,3.5e-05,0.00028,0.61,8,Languishing,False,0.111,0.015706,0.0020817
28541,3.5e-05,0.00028,0.61,9,Languishing,False,0.111,0.062324,0.0
27831,3.5e-05,0.00028,0.61,1,Languishing,False,0.111,0.021704,3.1133e-05
27831,3.5e-05,0.00028,0.61,2,Thriving,False,0.111,0.73509,363.91
27831,3.5e-05,0.00028,0.61,3,Languishing,False,0.111,0.016358,9.5103e-06
27831,3.5e-05,0.00028,0.61,4,Thriving,False,0.111,0.13124,0.1076
27831,3.5e-05,0.00028,0.61,5,Languishing,False,0.111,0.01655,1.0276e-05
27831,3.5e-05,0.00028,0.61,6,Languishing,False,0.111,0.020338,1.195e-05
27831,3.5e-05,0.00028,0.61,7,Languishing,True,0.111,0.016257,2.6843e-05
27831,3.5e-05,0.00028,0.61,8,Languishing,False,0.111,0.018315,8.2928e-05
27831,3.5e-05,0.00028,0.61,9,Languishing,False,0.111,0.02415,0.0
74205,3.5e-05,0.00028,0.61,1,Languishing,False,0.111,0.015528,3.2021e-06
74205,3.5e-05,0.00028,0.61,2,Languishing,False,0.111,0.02269,2.0404e-05
74205,3.5e-05,0.00028,0.61,3,Thriving,False,0.111,0.60215,349.75
74205,3.5e-05,0.00028,0.61,4,Languishing,True,0.111,0.015288,1.1487e-06
74205,3.5e-05,0.00028,0.61,5,Thriving,False,0.111,0.1824,0.87573
74205,3.5e-05,0.00028,0.61,6,Languishing,False,0.111,0.017412,5.2747e-05
74205,3.5e-05,0.00028,0.61,7,Languishing,False,0.111,0.028257,3.6078e-06
74205,3.5e-05,0.00028,0.61,8,Languishing,False,0.111,0.016861,0.014333
74205,3.5e-05,0.00028,0.61,9,Languishing,False,0.111,0.099407,0.0
28002,3.5e-05,0.00028,0.61,1,Languishing,False,0.111,0.01406,1.1558e-06
28002,3.5e-05,0.00028,0.61,2,Thriving,False,0.111,0.26009,5.4848
28002,3.5e-05,0.00028,0.61,3,Languishing,False,0.111,0.019788,6.3444e-06
28002,3.5e-05,0.00028,0.61,4,Languishing,False,0.111,0.024506,1.6959e-05
28002,3.5e-05,0.00028,0.61,5,Languishing,False,0.111,0.022482,2.3242e-06
28002,3.5e-05,0.00028,0.61,6,Languishing,False,0.111,0.014415,6.898e-07
28002,3.5e-05,0.00028,0.61,7,Languishing,True,0.111,0.012027,4.2823e-05
28002,3.5e-05,0.00028,0.61,8,Surviving,False,0.111,0.035277,353.32
28002,3.5e-05,0.00028,0.61,9,Thriving,False,0.111,0.59736,0.0
27957,3.5e-05,0.00028,0.61,1,Languishing,True,0.111,0.014124,4.1298e-06
27957,3.5e-05,0.00028,0.61,2,Languishing,False,0.111,0.021685,1.0755e-05
27957,3.5e-05,0.00028,0.61,3,Thriving,False,0.111,0.2178,0.95383
27957,3.5e-05,0.00028,0.61,4,Languishing,False,0.111,0.022588,2.5189e-05
27957,3.5e-05,0.00028,0.61,5,Languishing,False,0.111,0.024979,1.2853e-05
27957,3.5e-05,0.00028,0.61,6,Languishing,False,0.111,0.025143,3.805e-05
27957,3.5e-05,0.00028,0.61,7,Surviving,False,0.111,0.026711,360.15
27957,3.5e-05,0.00028,0.61,8,Thriving,False,0.111,0.62718,4.4702e-06
27957,3.5e-05,0.00028,0.61,9,Languishing,False,0.111,0.019789,0.0
16321024,3.5e-05,0.00028,0.61,1,Languishing,False,0.111,0.018827,6.5418e-07
16321024,3.5e-05,0.00028,0.61,2,Thriving,False,0.111,0.61071,340.03
16321024,3.5e-05,0.00028,0.61,3,Languishing,False,0.111,0.027006,2.0726e-06
16321024,3.5e-05,0.00028,0.61,4,Thriving,False,0.111,0.14462,2.2838
16321024,3.5e-05,0.00028,0.61,5,Languishing,False,0.111,0.017756,1.7234e-06
16321024,3.5e-05,0.00028,0.61,6,Languishing,False,0.111,0.020525,1.3841e-06
16321024,3.5e-05,0.00028,0.61,7,Languishing,False,0.111,0.021733,4.5659e-07
16321024,3.5e-05,0.00028,0.61,8,Languishing,True,0.111,0.014499,0.3306
16321024,3.5e-05,0.00028,0.61,9,Thriving,False,0.111,0.12432,0.0
6502,3.5e-05,0.00028,0.61,1,Languishing,False,0.111,0.023102,1.903e-05
6502,3.5e-05,0.00028,0.61,2,Languishing,False,0.111,0.016622,9.3796e-06
6502,3.5e-05,0.00028,0.61,3,Thriving,False,0.111,0.72837,359.71
6502,3.5e-05,0.00028,0.61,4,Languishing,False,0.111,0.017933,2.0845e-05
6502,3.5e-05,0.00028,0.61,5,Languishing,True,0.111,0.013615,3.5832e-06
6502,3.5e-05,0.00028,0.61,6,Languishing,False,0.111,0.029537,1.3431e-05
6502,3.5e-05,0.00028,0.61,7,Languishing,False,0.111,0.019267,0.071441
6502,3.5e-05,0.00028,0.61,8,Thriving,False,0.111,0.12818,1.2953e-05
6502,3.5e-05,0.00028,0.61,9,Languishing,False,0.111,0.023372,0.0
28661,3.5e-05,0.00028,0.61,1,Languishing,False,0.111,0.014852,4.0135e-06
28661,3.5e-05,0.00028,0.61,2,Languishing,False,0.111,0.023141,4.4027e-05
28661,3.5e-05,0.00028,0.61,3,Languishing,False,0.111,0.019458,3.4761e-05
28661,3.5e-05,0.00028,0.61,4,Languishing,False,0.111,0.051487,0.00057689
28661,3.5e-05,0.00028,0.61,5,Languishing,False,0.111,0.063161,0.0033261
28661,3.5e-05,0.00028,0.61,6,Languishing,True,0.111,0.014282,6.2332e-06
28661,3.5e-05,0.00028,0.61,7,Languishing,False,0.111,0.018801,6.6977e-06
28661,3.5e-05,0.00028,0.61,8,Surviving,False,0.111,0.016341,358.4
28661,3.5e-05,0.00028,0.61,9,Thriving,False,0.111,0.77848,0.0
29131,3.5e-05,0.00028,0.61,1,Thriving,False,0.111,0.77931,356.01
29131,3.5e-05,0.00028,0.61,2,Languishing,True,0.111,0.014357,2.2391e-06
29131,3.5e-05,0.00028,0.61,3,Languishing,False,0.111,0.032743,0.00012355
29131,3.5e-05,0.00028,0.61,4,Languishing,False,0.111,0.053962,0.0017437
29131,3.5e-05,0.00028,0.61,5,Languishing,False,0.111,0.031687,0.00066455
29131,3.5e-05,0.00028,0.61,6,Languishing,False,0.111,0.020367,7.0295e-06
29131,3.5e-05,0.00028,0.61,7,Languishing,False,0.111,0.017763,2.5276e-05
29131,3.5e-05,0.00028,0.61,8,Languishing,False,0.111,0.016336,0.00033405
29131,3.5e-05,0.00028,0.61,9,Languishing,False,0.111,0.033472,0.0
27071,3.5e-05,0.00028,0.61,1,Thriving,False,0.111,0.76858,375.38
27071,3.5e-05,0.00028,0.61,2,Languishing,False,0.111,0.049101,0.00065162
27071,3.5e-05,0.00028,0.61,3,Languishing,False,0.111,0.018978,1.3246e-05
27071,3.5e-05,0.00028,0.61,4,Languishing,False,0.111,0.020607,1.9715e-05
27071,3.5e-05,0.00028,0.61,5,Languishing,True,0.111,0.016363,1.7079e-05
27071,3.5e-05,0.00028,0.61,6,Languishing,False,0.111,0.047267,0.00010987
27071,3.5e-05,0.00028,0.61,7,Languishing,False,0.111,0.026868,0.00014687
27071,3.5e-05,0.00028,0.61,8,Languishing,False,0.111,0.029395,7.8391e-05
27071,3.5e-05,0.00028,0.61,9,Languishing,False,0.111,0.022842,0.0
27628,3.5e-05,0.00028,0.61,1,Thriving,False,0.111,0.73815,376.33
27628,3.5e-05,0.00028,0.61,2,Languishing,False,0.111,0.022431,8.1037e-05
27628,3.5e-05,0.00028,0.61,3,Languishing,False,0.111,0.028856,0.00018529
27628,3.5e-05,0.00028,0.61,4,Languishing,False,0.111,0.034164,0.00033963
27628,3.5e-05,0.00028,0.61,5,Languishing,True,0.111,0.019436,6.9764e-05
27628,3.5e-05,0.00028,0.61,6,Languishing,False,0.111,0.038309,0.0024472
27628,3.5e-05,0.00028,0.61,7,Languishing,False,0.111,0.046595,0.00057888
27628,3.5e-05,0.00028,0.61,8,Languishing,False,0.111,0.032383,0.0014538
27628,3.5e-05,0.00028,0.61,9,Languishing,False,0.111,0.039676,0.0
28534,3.5e-05,0.00028,0.61,1,Languishing,False,0.111,0.018603,4.603e-05
28534,3.5e-05,0.00028,0.61,2,Languishing,True,0.111,0.015147,1.0732e-05
28534,3.5e-05,0.00028,0.61,3,Languishing,False,0.111,0.023208,4.7014e-05
28534,3.5e-05,0.00028,0.61,4,Languishing,False,0.111,0.024393,9.9032e-05
28534,3.5e-05,0.00028,0.61,5,Languishing,False,0.111,0.062419,0.0031331
28534,3.5e-05,0.00028,0.61,6,Languishing,False,0.111,0.018541,9.363e-05
28534,3.5e-05,0.00028,0.61,7,Languishing,False,0.111,0.023881,1.7601e-05
28534,3.5e-05,0.00028,0.61,8,Surviving,False,0.111,0.017355,374.18
28534,3.5e-05,0.00028,0.61,9,Thriving,False,0.111,0.79645,0.0
27415,3.5e-05,0.00028,0.61,1,Languishing,False,0.111,0.027995,0.00018351
27415,3.5e-05,0.00028,0.61,2,Languishing,False,0.111,0.01421,1.9855e-05
27415,3.5e-05,0.00028,0.61,3,Languishing,False,0.111,0.030641,0.00089653
27415,3.5e-05,0.00028,0.61,4,Thriving,False,0.111,0.80789,370.11
27415,3.5e-05,0.00028,0.61,5,Languishing,False,0.111,0.016991,9.2367e-06
27415,3.5e-05,0.00028,0.61,6,Languishing,False,0.111,0.036635,1.8759e-05
27415,3.5e-05,0.00028,0.61,7,Languishing,True,0.111,0.013301,0.00010976
27415,3.5e-05,0.00028,0.61,8,Languishing,False,0.111,0.023791,0.00051221
27415,3.5e-05,0.00028,0.61,9,Languishing,False,0.111,0.028544,0.0
27004,3.5e-05,0.00028,0.61,1,Languishing,False,0.111,0.025566,6.1854e-05
27004,3.5e-05,0.00028,0.61,2,Languishing,False,0.111,0.039911,0.0012462
27004,3.5e-05,0.00028,0.61,3,Languishing,False,0.111,0.020452,3.3103e-05
27004,3.5e-05,0.00028,0.61,4,Languishing,False,0.111,0.043087,0.0006712
27004,3.5e-05,0.00028,0.61,5,Languishing,False,0.111,0.02425,0.0001938
27004,3.5e-05,0.00028,0.61,6,Surviving,False,0.111,0.030293,357.95
27004,3.5e-05,0.00028,0.61,7,Thriving,False,0.111,0.73986,3.2114e-06
27004,3.5e-05,0.00028,0.61,8,Languishing,True,0.111,0.016763,0.0019885
27004,3.5e-05,0.00028,0.61,9,Languishing,False,0.111,0.059815,0.0
28230,3.5e-05,0.00028,0.61,1,Languishing,False,0.111,0.01548,1.7191e-05
28230,3.5e-05,0.00028,0.61,2,Languishing,False,0.111,0.02525,0.00022337
28230,3.5e-05,0.00028,0.61,3,Languishing,False,0.111,0.015884,3.2898e-05
28230,3.5e-05,0.00028,0.61,4,Thriving,False,0.111,0.81367,376.76
28230,3.5e-05,0.00028,0.61,5,Languishing,False,0.111,0.017311,3.5741e-05
28230,3.5e-05,0.00028,0.61,6,Languishing,False,0.111,0.017127,0.0011684
28230,3.5e-05,0.00028,0.61,7,Languishing,False,0.111,0.039216,3.1555e-06
28230,3.5e-05,0.00028,0.61,8,Languishing,True,0.111,0.011589,0.00077122
28230,3.5e-05,0.00028,0.61,9,Languishing,False,0.111,0.044472,0.0
29152,3.5e-05,0.00028,0.61,1,Languishing,False,0.111,0.014957,7.1205e-06
29152,3.5e-05,0.00028,0.61,2,Languishing,False,0.111,0.047927,0.00076669
29152,3.5e-05,0.00028,0.61,3,Thriving,False,0.111,0.63656,352.55
29152,3.5e-05,0.00028,0.61,4,Languishing,False,0.111,0.019184,1.3006e-05
29152,3.5e-05,0.00028,0.61,5,Languishing,False,0.111,0.05171,0.0049817
29152,3.5e-05,0.00028,0.61,6,Languishing,True,0.111,0.011788,1.0007e-05
29152,3.5e-05,0.00028,0.61,7,Languishing,False,0.111,0.013694,2.6422e-05
29152,3.5e-05,0.00028,0.61,8,Languishing,False,0.111,0.019832,0.23723
29152,3.5e-05,0.00028,0.61,9,Thriving,False,0.111,0.18434,0.0
2161,3.5e-05,0.00028,0.61,1,Thriving,False,0.111,0.6859,360.06
2161,3.5e-05,0.00028,0.61,2,Languishing,False,0.111,0.065258,0.0026427
2161,3.5e-05,0.00028,0.61,3,Languishing,False,0.111,0.024812,1.256e-05
2161,3.5e-05,0.00028,0.61,4,Languishing,True,0.111,0.014188,5.9296e-06
2161,3.5e-05,0.00028,0.61,5,Languishing,False,0.111,0.017141,4.1525e-06
2161,3.5e-05,0.00028,0.61,6,Languishing,False,0.111,0.021012,2.5626e-05
2161,3.5e-05,0.00028,0.61,7,Languishing,False,0.111,0.021444,0.43332
2161,3.5e-05,0.00028,0.61,8,Thriving,False,0.111,0.12744,6.1474e-05
2161,3.5e-05,0.00028,0.61,9,Languishing,False,0.111,0.022808,0.0
26364,3.5e-05,0.00028,0.61,1,Languishing,False,0.111,0.031202,0.00013962
26364,3.5e-05,0.00028,0.61,2,Languishing,True,0.111,0.013184,2.9281e-06
26364,3.5e-05,0.00028,0.61,3,Languishing,False,0.111,0.033354,8.9301e-05
26364,3.5e-05,0.00028,0.61,4,Languishing,False,0.111,0.09002,0.028529
26364,3.5e-05,0.00028,0.61,5,Languishing,False,0.111,0.025367,4.7283e-05
26364,3.5e-05,0.00028,0.61,6,Languishing,False,0.111,0.028464,2.5025e-06
26364,3.5e-05,0.00028,0.61,7,Languishing,False,0.111,0.014936,7.6175e-05
26364,3.5e-05,0.00028,0.61,8,Surviving,False,0.111,0.029644,371.76
26364,3.5e-05,0.00028,0.61,9,Thriving,False,0.111,0.73383,0.0
42,3.5e-05,0.00028,0.61,1,Languishing,False,0.111,0.020065,7.0198e-05
42,3.5e-05,0.00028,0.61,2,Thriving,False,0.111,0.7702,370.73
42,3.5e-05,0.00028,0.61,3,Languishing,False,0.111,0.01731,3.8757e-05
42,3.5e-05,0.00028,0.61,4,Languishing,False,0.111,0.023079,0.00017267
42,3.5e-05,0.00028,0.61,5,Languishing,False,0.111,0.014674,2.7179e-06
42,3.5e-05,0.00028,0.61,6,Languishing,False,0.111,0.018745,4.3042e-05
42,3.5e-05,0.00028,0.61,7,Languishing,False,0.111,0.01507,0.011938
42,3.5e-05,0.00028,0.61,8,Thriving,False,0.111,0.10666,3.317e-05
42,3.5e-05,0.00028,0.61,9,Languishing,True,0.111,0.014195,0.0
27356,3.5e-05,0.00028,0.61,1,Languishing,True,0.111,0.0131,3.587e-06
27356,3.5e-05,0.00028,0.61,2,Thriving,False,0.111,0.79944,373.14
27356,3.5e-05,0.00028,0.61,3,Languishing,False,0.111,0.026266,0.00011009
27356,3.5e-05,0.00028,0.61,4,Languishing,False,0.111,0.024059,5.6025e-05
27356,3.5e-05,0.00028,0.61,5,Languishing,False,0.111,0.015118,9.2484e-06
27356,3.5e-05,0.00028,0.61,6,Languishing,False,0.111,0.016556,0.0016437
27356,3.5e-05,0.00028,0.61,7,Languishing,False,0.111,0.05528,6.1844e-05
27356,3.5e-05,0.00028,0.61,8,Languishing,False,0.111,0.028365,7.1343e-05
27356,3.5e-05,0.00028,0.61,9,Languishing,False,0.111,0.021818,0.0
27783,3.5e-05,0.00028,0.61,1,Languishing,False,0.111,0.020904,1.7214e-05
27783,3.5e-05,0.00028,0.61,2,Languishing,False,0.111,0.089668,0.021345
27783,3.5e-05,0.00028,0.61,3,Languishing,False,0.111,0.017836,7.9755e-06
27783,3.5e-05,0.00028,0.61,4,Languishing,False,0.111,0.029234,0.00015787
27783,3.5e-05,0.00028,0.61,5,Languishing,False,0.111,0.015877,6.4587e-06
27783,3.5e-05,0.00028,0.61,6,Languishing,False,0.111,0.03232,0.0010256
27783,3.5e-05,0.00028,0.61,7,Languishing,False,0.111,0.062849,7.0603e-07
27783,3.5e-05,0.00028,0.61,8,Surviving,True,0.111,0.01112,366.32
27783,3.5e-05,0.00028,0.61,9,Thriving,False,0.111,0.72019,0.0
28247,3.5e-05,0.00028,0.61,1,Languishing,False,0.111,0.022962,1.645e-05
28247,3.5e-05,0.00028,0.61,2,Languishing,False,0.111,0.018092,1.1707e-05
28247,3.5e-05,0.00028,0.61,3,Languishing,False,0.111,0.034787,0.00022889
28247,3.5e-05,0.00028,0.61,4,Thriving,False,0.111,0.71686,355.2
28247,3.5e-05,0.00028,0.61,5,Languishing,False,0.111,0.020871,1.194e-05
28247,3.5e-05,0.00028,0.61,6,Languishing,True,0.111,0.012666,6.9612e-06
28247,3.5e-05,0.00028,0.61,7,Languishing,False,0.111,0.016122,0.097427
28247,3.5e-05,0.00028,0.61,8,Thriving,False,0.111,0.13575,2.6711e-05
28247,3.5e-05,0.00028,0.61,9,Languishing,False,0.111,0.021897,0.0
28866,3.5e-05,0.00028,0.61,1,Languishing,False,0.111,0.018283,8.1635e-05
28866,3.5e-05,0.00028,0.61,2,Languishing,False,0.111,0.01315,1.3526e-05
28866,3.5e-05,0.00028,0.61,3,Languishing,False,0.111,0.013028,1.8514e-05
28866,3.5e-05,0.00028,0.61,4,Languishing,False,0.111,0.014214,3.9629e-05
28866,3.5e-05,0.00028,0.61,5,Languishing,False,0.111,0.019682,8.99e-05
28866,3.5e-05,0.00028,0.61,6,Languishing,False,0.111,0.037385,7.1733e-05
28866,3.5e-05,0.00028,0.61,7,Surviving,False,0.111,0.0213,385.61
28866,3.5e-05,0.00028,0.61,8,Thriving,False,0.111,0.85169,5.1609e-06
28866,3.5e-05,0.00028,0.61,9,Languishing,True,0.111,0.011266,0.0
27500,3.5e-05,0.00028,0.61,1,Thriving,False,0.111,0.78748,365.3
27500,3.5e-05,0.00028,0.61,2,Languishing,False,0.111,0.021982,1.549e-05
27500,3.5e-05,0.00028,0.61,3,Languishing,False,0.111,0.027339,7.7905e-05
27500,3.5e-05,0.00028,0.61,4,Languishing,False,0.111,0.028782,6.0659e-05
27500,3.5e-05,0.00028,0.61,5,Languishing,False,0.111,0.029796,0.0001541
27500,3.5e-05,0.00028,0.61,6,Languishing,False,0.111,0.016667,1.3265e-06
27500,3.5e-05,0.00028,0.61,7,Languishing,True,0.111,0.014309,0.00026167
27500,3.5e-05,0.00028,0.61,8,Languishing,False,0.111,0.03332,0.00052044
27500,3.5e-05,0.00028,0.61,9,Languishing,False,0.111,0.040329,0.0
31961,3.5e-05,0.00028,0.61,1,Languishing,False,0.111,0.022636,4.3156e-05
31961,3.5e-05,0.00028,0.61,2,Thriving,False,0.111,0.15592,0.31018
31961,3.5e-05,0.00028,0.61,3,Languishing,False,0.111,0.026868,5.9014e-05
31961,3.5e-05,0.00028,0.61,4,Thriving,False,0.111,0.64367,359.17
31961,3.5e-05,0.00028,0.61,5,Languishing,True,0.111,0.01469,4.3101e-07
31961,3.5e-05,0.00028,0.61,6,Languishing,False,0.111,0.036147,8.4243e-06
31961,3.5e-05,0.00028,0.61,7,Languishing,False,0.111,0.01609,0.0034955
31961,3.5e-05,0.00028,0.61,8,Languishing,False,0.111,0.067448,1.3503e-05
31961,3.5e-05,0.00028,0.61,9,Languishing,False,0.111,0.016537,0.0
28317,3.5e-05,0.00028,0.61,1,Languishing,True,0.111,0.013143,3.1388e-06
28317,3.5e-05,0.00028,0.61,2,Thriving,False,0.111,0.18298,0.27412
28317,3.5e-05,0.00028,0.61,3,Languishing,False,0.111,0.026841,6.8771e-05
28317,3.5e-05,0.00028,0.61,4,Languishing,False,0.111,0.018702,8.9557e-06
28317,3.5e-05,0.00028,0.61,5,Languishing,False,0.111,0.018766,7.2448e-06
28317,3.5e-05,0.00028,0.61,6,Surviving,False,0.111,0.0298,358.88
28317,3.5e-05,0.00028,0.61,7,Thriving,False,0.111,0.66814,1.4941e-05
28317,3.5e-05,0.00028,0.61,8,Languishing,False,0.111,0.02014,1.1134e-05
28317,3.5e-05,0.00028,0.61,9,Languishing,False,0.111,0.021493,0.0
27922,3.5e-05,0.00028,0.61,1,Languishing,False,0.111,0.023339,7.0362e-05
27922,3.5e-05,0.00028,0.61,2,Languishing,False,0.111,0.018631,2.2045e-05
27922,3.5e-05,0.00028,0.61,3,Languishing,False,0.111,0.021175,2.4701e-05
27922,3.5e-05,0.00028,0.61,4,Languishing,False,0.111,0.020786,3.6759e-05
27922,3.5e-05,0.00028,0.61,5,Languishing,True,0.111,0.013866,6.414e-06
27922,3.5e-05,0.00028,0.61,6,Thriving,False,0.111,0.81233,1.9968e-05
27922,3.5e-05,0.00028,0.61,7,Languishing,False,0.111,0.016399,0.0018195
27922,3.5e-05,0.00028,0.61,8,Languishing,False,0.111,0.058942,6.7088e-06
27922,3.5e-05,0.00028,0.61,9,Languishing,False,0.111,0.014531,0.0
28105,3.5e-05,0.00028,0.61,1,Languishing,True,0.111,0.010475,6.8168e-07
28105,3.5e-05,0.00028,0.61,2,Thriving,False,0.111,0.67068,339.37
28105,3.5e-05,0.00028,0.61,3,Languishing,False,0.111,0.025612,3.11e-05
28105,3.5e-05,0.00028,0.61,4,Thriving,False,0.111,0.18322,0.16539
28105,3.5e-05,0.00028,0.61,5,Languishing,False,0.111,0.012087,5.4931e-07
28105,3.5e-05,0.00028,0.61,6,Languishing,False,0.111,0.013955,1.2244e-05
28105,3.5e-05,0.00028,0.61,7,Languishing,False,0.111,0.021103,0.00020093
28105,3.5e-05,0.00028,0.61,8,Languishing,False,0.111,0.036556,0.00014786
28105,3.5e-05,0.00028,0.61,9,Languishing,False,0.111,0.026317,0.0
24925,3.5e-05,0.00028,0.61,1,Languishing,False,0.111,0.067979,0.003579
24925,3.5e-05,0.00028,0.61,2,Languishing,False,0.111,0.024573,6.511e-05
24925,3.5e-05,0.00028,0.61,3,Languishing,False,0.111,0.014591,6.1905e-06
24925,3.5e-05,0.00028,0.61,4,Languishing,True,0.111,0.011447,1.5422e-06
24925,3.5e-05,0.00028,0.61,5,Languishing,False,0.111,0.027681,0.00010899
24925,3.5e-05,0.00028,0.61,6,Thriving,False,0.111,0.77419,0.00060361
24925,3.5e-05,0.00028,0.61,7,Languishing,False,0.111,0.039288,9.6712e-05
24925,3.5e-05,0.00028,0.61,8,Languishing,False,0.111,0.023189,3.6099e-05
24925,3.5e-05,0.00028,0.61,9,Languishing,False,0.111,0.017059,0.0
28246,3.5e-05,0.00028,0.61,1,Languishing,False,0.111,0.022281,5.6353e-06
28246,3.5e-05,0.00028,0.61,2,Thriving,False,0.111,0.1931,0.9005
28246,3.5e-05,0.00028,0.61,3,Languishing,False,0.111,0.021518,7.8132e-06
28246,3.5e-05,0.00028,0.61,4,Thriving,False,0.111,0.66187,346.73
28246,3.5e-05,0.00028,0.61,5,Languishing,False,0.111,0.026099,1.2157e-05
28246,3.5e-05,0.00028,0.61,6,Languishing,False,0.111,0.017279,7.3676e-06
28246,3.5e-05,0.00028,0.61,7,Languishing,False,0.111,0.021948,6.3194e-06
28246,3.5e-05,0.00028,0.61,8,Languishing,False,0.111,0.021022,3.7461e-06
28246,3.5e-05,0.00028,0.61,9,Languishing,True,0.111,0.014883,0.0
27376,3.5e-05,0.00028,0.61,1,Languishing,False,0.111,0.017159,2.1423e-05
27376,3.5e-05,0.00028,0.61,2,Languishing,True,0.111,0.016286,3.7594e-05
27376,3.5e-05,0.00028,0.61,3,Languishing,False,0.111,0.023135,8.8706e-05
27376,3.5e-05,0.00028,0.61,4,Languishing,False,0.111,0.018812,2.5332e-05
27376,3.5e-05,0.00028,0.61,5,Languishing,False,0.111,0.021048,5.6901e-05
27376,3.5e-05,0.00028,0.61,6,Surviving,False,0.111,0.055409,378.54
27376,3.5e-05,0.00028,0.61,7,Thriving,False,0.111,0.80014,2.7799e-05
27376,3.5e-05,0.00028,0.61,8,Languishing,False,0.111,0.016952,0.00020727
27376,3.5e-05,0.00028,0.61,9,Languishing,False,0.111,0.031058,0.0
180924609,3.5e-05,0.00028,0.61,1,Languishing,False,0.111,0.019453,6.6553e-06
180924609,3.5e-05,0.00028,0.61,2,Languishing,False,0.111,0.048316,0.0010409
180924609,3.5e-05,0.00028,0.61,3,Languishing,False,0.111,0.022231,9.7844e-06
180924609,3.5e-05,0.00028,0.61,4,Languishing,False,0.111,0.022596,6.8383e-06
180924609,3.5e-05,0.00028,0.61,5,Languishing,True,0.111,0.018212,3.7075e-06
180924609,3.5e-05,0.00028,0.61,6,Thriving,False,0.111,0.5732,4.4988
180924609,3.5e-05,0.00028,0.61,7,Thriving,False,0.111,0.22893,0.00013928
180924609,3.5e-05,0.00028,0.61,8,Languishing,False,0.111,0.039117,2.7876e-05
180924609,3.5e-05,0.00028,0.61,9,Languishing,False,0.111,0.027945,0.0
27688,3.5e-05,0.00028,0.61,1,Thriving,False,0.111,0.21395,0.57994
27688,3.5e-05,0.00028,0.61,2,Languishing,True,0.111,0.011987,2.6555e-07
27688,3.5e-05,0.00028,0.61,3,Languishing,False,0.111,0.01419,3.5545e-07
27688,3.5e-05,0.00028,0.61,4,Languishing,False,0.111,0.017609,1.9961e-06
27688,3.5e-05,0.00028,0.61,5,Languishing,False,0.111,0.014832,5.9012e-07
27688,3.5e-05,0.00028,0.61,6,Languishing,False,0.111,0.028944,7.0098e-07
27688,3.5e-05,0.00028,0.61,7,Surviving,False,0.111,0.012998,354.98
27688,3.5e-05,0.00028,0.61,8,Thriving,False,0.111,0.66463,3.9195e-06
27688,3.5e-05,0.00028,0.61,9,Languishing,False,0.111,0.020855,0.0
26694,3.5e-05,0.00028,0.61,1,Languishing,False,0.111,0.031418,0.00016321
26694,3.5e-05,0.00028,0.61,2,Languishing,False,0.111,0.031154,0.00017172
26694,3.5e-05,0.00028,0.61,3,Languishing,False,0.111,0.032748,0.00046682
26694,3.5e-05,0.00028,0.61,4,Languishing,False,0.111,0.039361,0.00043712
26694,3.5e-05,0.00028,0.61,5,Languishing,False,0.111,0.01314,6.861e-06
26694,3.5e-05,0.00028,0.61,6,Languishing,False,0.111,0.014743,1.9898e-06
26694,3.5e-05,0.00028,0.61,7,Surviving,True,0.111,0.011548,365.77
26694,3.5e-05,0.00028,0.61,8,Thriving,False,0.111,0.79692,6.0007e-05
26694,3.5e-05,0.00028,0.61,9,Languishing,False,0.111,0.028968,0.0
28054,3.5e-05,0.00028,0.61,1,Languishing,False,0.111,0.020364,1.8804e-05
28054,3.5e-05,0.00028,0.61,2,Languishing,False,0.111,0.01716,3.9729e-05
28054,3.5e-05,0.00028,0.61,3,Languishing,False,0.111,0.03075,0.00010046
28054,3.5e-05,0.00028,0.61,4,Languishing,False,0.111,0.055549,0.0022708
28054,3.5e-05,0.00028,0.61,5,Languishing,False,0.111,0.040993,0.0005906
28054,3.5e-05,0.00028,0.61,6,Languishing,False,0.111,0.025591,0.00043002
28054,3.5e-05,0.00028,0.61,7,Languishing,False,0.111,0.035015,3.2926e-06
28054,3.5e-05,0.00028,0.61,8,Surviving,True,0.111,0.011287,363.05
28054,3.5e-05,0.00028,0.61,9,Thriving,False,0.111,0.76329,0.0
29579,3.5e-05,0.00028,0.61,1,Languishing,False,0.111,0.02501,9.202e-05
29579,3.5e-05,0.00028,0.61,2,Thriving,False,0.111,0.75845,372.07
29579,3.5e-05,0.00028,0.61,3,Languishing,False,0.111,0.042866,0.0017437
29579,3.5e-05,0.00028,0.61,4,Languishing,False,0.111,0.030932,0.00039411
29579,3.5e-05,0.00028,0.61,5,Languishing,False,0.111,0.021822,3.0985e-05
29579,3.5e-05,0.00028,0.61,6,Languishing,False,0.111,0.036384,0.0010716
29579,3.5e-05,0.00028,0.61,7,Languishing,False,0.111,0.039412,0.00020474
29579,3.5e-05,0.00028,0.61,8,Languishing,False,0.111,0.026217,7.3759e-05
29579,3.5e-05,0.00028,0.61,9,Languishing,True,0.111,0.018903,0.0
28052,3.5e-05,0.00028,0.61,1,Languishing,False,0.111,0.016598,9.968e-07
28052,3.5e-05,0.00028,0.61,2,Thriving,False,0.111,0.2633,2.4854
28052,3.5e-05,0.00028,0.61,3,Thriving,False,0.111,0.50807,345.32
28052,3.5e-05,0.00028,0.61,4,Languishing,False,0.111,0.034423,0.00040857
28052,3.5e-05,0.00028,0.61,5,Languishing,False,0.111,0.025459,5.798e-05
28052,3.5e-05,0.00028,0.61,6,Languishing,False,0.111,0.019856,2.5629e-05
28052,3.5e-05,0.00028,0.61,7,Languishing,False,0.111,0.021326,3.4813e-06
28052,3.5e-05,0.00028,0.61,8,Languishing,True,0.111,0.01464,0.03111
28052,3.5e-05,0.00028,0.61,9,Languishing,False,0.111,0.096324,0.0
27378,3.5e-05,0.00028,0.61,1,Languishing,True,0.111,0.014828,2.0284e-05
27378,3.5e-05,0.00028,0.61,2,Languishing,False,0.111,0.028585,0.00031244
27378,3.5e-05,0.00028,0.61,3,Languishing,False,0.111,0.018746,9.7346e-06
27378,3.5e-05,0.00028,0.61,4,Languishing,False,0.111,0.02378,0.00017872
27378,3.5e-05,0.00028,0.61,5,Languishing,False,0.111,0.021259,6.0187e-05
27378,3.5e-05,0.00028,0.61,6,Thriving,False,0.111,0.12474,0.00022229
27378,3.5e-05,0.00028,0.61,7,Languishing,False,0.111,0.030158,3.3695e-05
27378,3.5e-05,0.00028,0.61,8,Surviving,False,0.111,0.016517,376.67
27378,3.5e-05,0.00028,0.61,9,Thriving,False,0.111,0.72138,0.0
19368,3.5e-05,0.00028,0.61,1,Languishing,False,0.111,0.013074,6.4179e-06
19368,3.5e-05,0.00028,0.61,2,Thriving,False,0.111,0.79189,376.93
19368,3.5e-05,0.00028,0.61,3,Languishing,True,0.111,0.01193,6.1465e-06
19368,3.5e-05,0.00028,0.61,4,Languishing,False,0.111,0.021404,3.7872e-05
19368,3.5e-05,0.00028,0.61,5,Languishing,False,0.111,0.016267,2.0485e-05
19368,3.5e-05,0.00028,0.61,6,Languishing,False,0.111,0.02443,0.011314
19368,3.5e-05,0.00028,0.61,7,Languishing,False,0.111,0.092307,7.8635e-06
19368,3.5e-05,0.00028,0.61,8,Languishing,False,0.111,0.012416,1.5013e-05
19368,3.5e-05,0.00028,0.61,9,Languishing,False,0.111,0.016277,0.0
28410,3.5e-05,0.00028,0.61,1,Languishing,False,0.111,0.016861,1.4971e-05
28410,3.5e-05,0.00028,0.61,2,Languishing,False,0.111,0.024088,2.8326e-05
28410,3.5e-05,0.00028,0.61,3,Languishing,False,0.111,0.015116,5.723e-06
28410,3.5e-05,0.00028,0.61,4,Languishing,False,0.111,0.01409,2.8054e-06
28410,3.5e-05,0.00028,0.61,5,Languishing,False,0.111,0.018906,9.3091e-06
28410,3.5e-05,0.00028,0.61,6,Thriving,False,0.111,0.77984,4.6829e-06
28410,3.5e-05,0.00028,0.61,7,Languishing,True,0.111,0.014036,0.01128
28410,3.5e-05,0.00028,0.61,8,Languishing,False,0.111,0.099133,9.7734e-06
28410,3.5e-05,0.00028,0.61,9,Languishing,False,0.111,0.01793,0.0
27432,3.5e-05,0.00028,0.61,1,Languishing,False,0.111,0.027026,5.4921e-05
27432,3.5e-05,0.00028,0.61,2,Languishing,False,0.111,0.058126,0.0023003
27432,3.5e-05,0.00028,0.61,3,Languishing,False,0.111,0.022526,4.0015e-05
27432,3.5e-05,0.00028,0.61,4,Thriving,False,0.111,0.75878,365.21
27432,3.5e-05,0.00028,0.61,5,Languishing,False,0.111,0.023267,2.9831e-05
27432,3.5e-05,0.00028,0.61,6,Languishing,False,0.111,0.029641,1.1604e-05
27432,3.5e-05,0.00028,0.61,7,Languishing,True,0.111,0.01746,0.00030007
27432,3.5e-05,0.00028,0.61,8,Languishing,False,0.111,0.039458,4.4633e-05
27432,3.5e-05,0.00028,0.61,9,Languishing,False,0.111,0.023712,0.0
27850,3.5e-05,0.00028,0.61,1,Languishing,False,0.111,0.015036,3.4191e-06
27850,3.5e-05,0.00028,0.61,2,Thriving,False,0.111,0.74994,372.79
27850,3.5e-05,0.00028,0.61,3,Languishing,False,0.111,0.069882,0.0034459
27850,3.5e-05,0.00028,0.61,4,Languishing,False,0.111,0.022304,7.2194e-05
27850,3.5e-05,0.00028,0.61,5,Languishing,False,0.111,0.060834,0.0011331
27850,3.5e-05,0.00028,0.61,6,Languishing,False,0.111,0.015491,0.0002683
27850,3.5e-05,0.00028,0.61,7,Languishing,False,0.111,0.031346,3.1748e-06
27850,3.5e-05,0.00028,0.61,8,Languishing,True,0.111,0.014037,8.0903e-05
27850,3.5e-05,0.00028,0.61,9,Languishing,False,0.111,0.021128,0.0
28229,3.5e-05,0.00028,0.61,1,Languishing,False,0.111,0.015892,4.1566e-06
28229,3.5e-05,0.00028,0.61,2,Languishing,False,0.111,0.019795,1.0775e-05
28229,3.5e-05,0.00028,0.61,3,Thriving,False,0.111,0.78297,372.63
28229,3.5e-05,0.00028,0.61,4,Languishing,False,0.111,0.076749,0.0031363
28229,3.5e-05,0.00028,0.61,5,Languishing,False,0.111,0.02346,2.7897e-05
28229,3.5e-05,0.00028,0.61,6,Languishing,True,0.111,0.01348,1.6345e-05
28229,3.5e-05,0.00028,0.61,7,Languishing,False,0.111,0.019906,0.00019171
28229,3.5e-05,0.00028,0.61,8,Languishing,False,0.111,0.028259,2.5967e-05
28229,3.5e-05,0.00028,0.61,9,Languishing,False,0.111,0.019488,0.0
28080,3.5e-05,0.00028,0.61,1,Languishing,False,0.111,0.024872,0.0003447
28080,3.5e-05,0.00028,0.61,2,Languishing,False,0.111,0.022038,0.00021516
28080,3.5e-05,0.00028,0.61,3,Languishing,False,0.111,0.022431,7.6618e-05
28080,3.5e-05,0.00028,0.61,4,Languishing,False,0.111,0.045663,0.0010641
28080,3.5e-05,0.00028,0.61,5,Languishing,False,0.111,0.017862,2.9378e-05
28080,3.5e-05,0.00028,0.61,6,Thriving,False,0.111,0.7975,0.00036392
28080,3.5e-05,0.00028,0.61,7,Languishing,False,0.111,0.026325,0.00030821
28080,3.5e-05,0.00028,0.61,8,Languishing,False,0.111,0.026113,2.3679e-05
28080,3.5e-05,0.00028,0.61,9,Languishing,True,0.111,0.017199,0.0
27406,3.5e-05,0.00028,0.61,1,Languishing,False,0.111,0.0555,0.0014651
27406,3.5e-05,0.00028,0.61,2,Languishing,False,0.111,0.018396,2.4368e-05
27406,3.5e-05,0.00028,0.61,3,Languishing,False,0.111,0.015546,1.6846e-05
27406,3.5e-05,0.00028,0.61,4,Languishing,False,0.111,0.01998,1.3531e-05
27406,3.5e-05,0.00028,0.61,5,Thriving,False,0.111,0.78699,380.07
27406,3.5e-05,0.00028,0.61,6,Languishing,False,0.111,0.038555,6.7397e-06
27406,3.5e-05,0.00028,0.61,7,Languishing,True,0.111,0.013904,3.6147e-05
27406,3.5e-05,0.00028,0.61,8,Languishing,False,0.111,0.022854,0.00018747
27406,3.5e-05,0.00028,0.61,9,Languishing,False,0.111,0.028277,0.0
1701,3.5e-05,0.00028,0.61,1,Languishing,False,0.111,0.038352,0.00061809
1701,3.5e-05,0.00028,0.61,2,Languishing,False,0.111,0.016263,2.4186e-05
1701,3.5e-05,0.00028,0.61,3,Languishing,False,0.111,0.025315,0.00013725
1701,3.5e-05,0.00028,0.61,4,Languishing,True,0.111,0.014893,1.0252e-05
1701,3.5e-05,0.00028,0.61,5,Thriving,False,0.111,0.81819,385.35
1701,3.5e-05,0.00028,0.61,6,Languishing,False,0.111,0.025117,0.00010901
1701,3.5e-05,0.00028,0.61,7,Languishing,False,0.111,0.021851,4.3484e-05
1701,3.5e-05,0.00028,0.61,8,Languishing,False,0.111,0.017157,0.00012475
1701,3.5e-05,0.00028,0.61,9,Languishing,False,0.111,0.022863,0.0
28663,3.5e-05,0.00028,0.61,1,Languishing,False,0.111,0.035533,0.00023826
28663,3.5e-05,0.00028,0.61,2,Languishing,False,0.111,0.023498,6.6821e-05
28663,3.5e-05,0.00028,0.61,3,Languishing,False,0.111,0.030573,0.00037274
28663,3.5e-05,0.00028,0.61,4,Thriving,False,0.111,0.81562,382.04
28663,3.5e-05,0.00028,0.61,5,Languishing,False,0.111,0.020475,7.1537e-05
28663,3.5e-05,0.00028,0.61,6,Languishing,True,0.111,0.01518,1.3886e-05
28663,3.5e-05,0.00028,0.61,7,Languishing,False,0.111,0.0161,2.1882e-05
28663,3.5e-05,0.00028,0.61,8,Languishing,False,0.111,0.015476,0.00015886
28663,3.5e-05,0.00028,0.61,9,Languishing,False,0.111,0.027541,0.0
28700,3.5e-05,0.00028,0.61,1,Languishing,False,0.111,0.047826,0.00089986
28700,3.5e-05,0.00028,0.61,2,Thriving,False,0.111,0.75752,373.49
28700,3.5e-05,0.00028,0.61,3,Languishing,False,0.111,0.029965,7.3161e-05
28700,3.5e-05,0.00028,0.61,4,Languishing,False,0.111,0.023035,5.7319e-05
28700,3.5e-05,0.00028,0.61,5,Languishing,True,0.111,0.014673,8.9967e-06
28700,3.5e-05,0.00028,0.61,6,Languishing,False,0.111,0.064889,0.00016219
28700,3.5e-05,0.00028,0.61,7,Languishing,False,0.111,0.022556,2.9321e-05
28700,3.5e-05,0.00028,0.61,8,Languishing,False,0.111,0.019857,2.311e-05
28700,3.5e-05,0.00028,0.61,9,Languishing,False,0.111,0.019683,0.0
28152,3.5e-05,0.00028,0.61,1,Languishing,False,0.111,0.01409,2.1137e-05
28152,3.5e-05,0.00028,0.61,2,Thriving,False,0.111,0.86517,377.22
28152,3.5e-05,0.00028,0.61,3,Languishing,False,0.111,0.011386,1.2968e-05
28152,3.5e-05,0.00028,0.61,4,Languishing,False,0.111,0.016512,4.5699e-05
28152,3.5e-05,0.00028,0.61,5,Languishing,False,0.111,0.021108,7.4218e-05
28152,3.5e-05,0.00028,0.61,6,Languishing,False,0.111,0.01939,0.00012419
28152,3.5e-05,0.00028,0.61,7,Languishing,False,0.111,0.024482,4.9225e-06
28152,3.5e-05,0.00028,0.61,8,Languishing,True,0.111,0.010645,6.6634e-05
28152,3.5e-05,0.00028,0.61,9,Languishing,False,0.111,0.017217,0.0
27427,3.5e-05,0.00028,0.61,1,Thriving,False,0.111,0.57896,358.27
27427,3.5e-05,0.00028,0.61,2,Languishing,False,0.111,0.013601,1.601e-06
27427,3.5e-05,0.00028,0.61,3,Languishing,False,0.111,0.019536,9.4167e-06
27427,3.5e-05,0.00028,0.61,4,Languishing,False,0.111,0.025371,8.0088e-06
27427,3.5e-05,0.00028,0.61,5,Languishing,False,0.111,0.016784,3.0512e-06
27427,3.5e-05,0.00028,0.61,6,Thriving,False,0.111,0.28373,1.639e-06
27427,3.5e-05,0.00028,0.61,7,Languishing,False,0.111,0.013665,0.00019736
27427,3.5e-05,0.00028,0.61,8,Languishing,False,0.111,0.035802,2.0494e-06
27427,3.5e-05,0.00028,0.61,9,Languishing,True,0.111,0.012542,0.0
27835,3.5e-05,0.00028,0.61,1,Languishing,False,0.111,0.029692,6.8966e-05
27835,3.5e-05,0.00028,0.61,2,Thriving,False,0.111,0.10743,0.022152
27835,3.5e-05,0.00028,0.61,3,Languishing,False,0.111,0.025904,1.9398e-05
27835,3.5e-05,0.00028,0.61,4,Languishing,False,0.111,0.033323,0.00012868
27835,3.5e-05,0.00028,0.61,5,Languishing,False,0.111,0.020793,1.2148e-05
27835,3.5e-05,0.00028,0.61,6,Languishing,False,0.111,0.033744,5.199e-06
27835,3.5e-05,0.00028,0.61,7,Languishing,True,0.111,0.019057,2.415e-05
27835,3.5e-05,0.00028,0.61,8,Surviving,False,0.111,0.020627,360.16
27835,3.5e-05,0.00028,0.61,9,Thriving,False,0.111,0.70943,0.0
18431211,3.5e-05,0.00028,0.61,1,Languishing,False,0.111,0.021712,5.917e-06
18431211,3.5e-05,0.00028,0.61,2,Thriving,False,0.111,0.18664,0.16872
18431211,3.5e-05,0.00028,0.61,3,Languishing,False,0.111,0.027642,1.0479e-05
18431211,3.5e-05,0.00028,0.61,4,Languishing,False,0.111,0.01653,1.8126e-06
18431211,3.5e-05,0.00028,0.61,5,Languishing,False,0.111,0.016052,1.5195e-06
18431211,3.5e-05,0.00028,0.61,6,Surviving,False,0.111,0.028136,352.96
18431211,3.5e-05,0.00028,0.61,7,Thriving,False,0.111,0.67615,5.3687e-07
18431211,3.5e-05,0.00028,0.61,8,Languishing,True,0.111,0.012158,1.2723e-06
18431211,3.5e-05,0.00028,0.61,9,Languishing,False,0.111,0.014983,0.0
55426,3.5e-05,0.00028,0.61,1,Languishing,True,0.111,0.015222,1.487e-05
55426,3.5e-05,0.00028,0.61,2,Languishing,False,0.111,0.019245,6.3382e-05
55426,3.5e-05,0.00028,0.61,3,Languishing,False,0.111,0.015238,2.9201e-05
55426,3.5e-05,0.00028,0.61,4,Thriving,False,0.111,0.83892,382.34
55426,3.5e-05,0.00028,0.61,5,Languishing,False,0.111,0.017224,2.2519e-05
55426,3.5e-05,0.00028,0.61,6,Languishing,False,0.111,0.026725,4.2123e-05
55426,3.5e-05,0.00028,0.61,7,Languishing,False,0.111,0.020481,0.0001302
55426,3.5e-05,0.00028,0.61,8,Languishing,False,0.111,0.025815,8.2768e-05
55426,3.5e-05,0.00028,0.61,9,Languishing,False,0.111,0.021128,0.0
1227,3.5e-05,0.00028,0.61,1,Languishing,True,0.111,0.01479,4.8874e-06
1227,3.5e-05,0.00028,0.61,2,Languishing,False,0.111,0.021177,2.4344e-05
1227,3.5e-05,0.00028,0.61,3,Thriving,False,0.111,0.7982,358.3
1227,3.5e-05,0.00028,0.61,4,Languishing,False,0.111,0.029344,0.00021084
1227,3.5e-05,0.00028,0.61,5,Languishing,False,0.111,0.016884,4.391e-05
1227,3.5e-05,0.00028,0.61,6,Languishing,False,0.111,0.024228,0.0028304
1227,3.5e-05,0.00028,0.61,7,Languishing,False,0.111,0.054321,6.8581e-05
1227,3.5e-05,0.00028,0.61,8,Languishing,False,0.111,0.021077,3.1714e-05
1227,3.5e-05,0.00028,0.61,9,Languishing,False,0.111,0.019981,0.0
28101,3.5e-05,0.00028,0.61,1,Languishing,False,0.111,0.023927,3.4837e-05
28101,3.5e-05,0.00028,0.61,2,Languishing,False,0.111,0.017002,8.3234e-06
28101,3.5e-05,0.00028,0.61,3,Thriving,False,0.111,0.10439,0.031905
28101,3.5e-05,0.00028,0.61,4,Thriving,False,0.111,0.76085,352.93
28101,3.5e-05,0.00028,0.61,5,Languishing,False,0.111,0.018162,1.1719e-05
28101,3.5e-05,0.00028,0.61,6,Languishing,False,0.111,0.015822,1.6535e-06
28101,3.5e-05,0.00028,0.61,7,Languishing,True,0.111,0.0131,0.00012112
28101,3.5e-05,0.00028,0.61,8,Languishing,False,0.111,0.030581,6.1732e-06
28101,3.5e-05,0.00028,0.61,9,Languishing,False,0.111,0.016169,0.0
28822,3.5e-05,0.00028,0.61,1,Languishing,False,0.111,0.021602,6.7247e-05
28822,3.5e-05,0.00028,0.61,2,Thriving,False,0.111,0.78197,382.36
28822,3.5e-05,0.00028,0.61,3,Languishing,False,0.111,0.013888,1.5086e-05
28822,3.5e-05,0.00028,0.61,4,Languishing,True,0.111,0.013807,1.0443e-05
28822,3.5e-05,0.00028,0.61,5,Languishing,False,0.111,0.050324,0.00099332
28822,3.5e-05,0.00028,0.61,6,Languishing,False,0.111,0.031372,0.0018442
28822,3.5e-05,0.00028,0.61,7,Languishing,False,0.111,0.048359,2.0199e-05
28822,3.5e-05,0.00028,0.61,8,Languishing,False,0.111,0.018866,7.7119e-05
28822,3.5e-05,0.00028,0.61,9,Languishing,False,0.111,0.019813,0.0
26991,3.5e-05,0.00028,0.61,1,Languishing,False,0.111,0.027209,8.1685e-05
26991,3.5e-05,0.00028,0.61,2,Languishing,False,0.111,0.014404,3.5324e-06
26991,3.5e-05,0.00028,0.61,3,Languishing,False,0.111,0.028609,0.00012416
26991,3.5e-05,0.00028,0.61,4,Languishing,False,0.111,0.013841,2.5918e-06
26991,3.5e-05,0.00028,0.61,5,Thriving,False,0.111,0.76907,381.06
26991,3.5e-05,0.00028,0.61,6,Languishing,False,0.111,0.016556,0.0075525
26991,3.5e-05,0.00028,0.61,7,Languishing,False,0.111,0.091052,2.2188e-06
26991,3.5e-05,0.00028,0.61,8,Languishing,True,0.111,0.012762,6.6009e-05
26991,3.5e-05,0.00028,0.61,9,Languishing,False,0.111,0.026499,0.0
26699,3.5e-05,0.00028,0.61,1,Thriving,False,0.111,0.78514,372.48
26699,3.5e-05,0.00028,0.61,2,Languishing,False,0.111,0.021126,7.5499e-05
26699,3.5e-05,0.00028,0.61,3,Languishing,True,0.111,0.013099,6.7163e-06
26699,3.5e-05,0.00028,0.61,4,Languishing,False,0.111,0.040877,0.00029282
26699,3.5e-05,0.00028,0.61,5,Languishing,False,0.111,0.023598,4.562e-05
26699,3.5e-05,0.00028,0.61,6,Languishing,False,0.111,0.015385,2.3323e-06
26699,3.5e-05,0.00028,0.61,7,Languishing,False,0.111,0.013559,0.0013149
26699,3.5e-05,0.00028,0.61,8,Languishing,False,0.111,0.06581,3.5536e-05
26699,3.5e-05,0.00028,0.61,9,Languishing,False,0.111,0.021411,0.0
27507,3.5e-05,0.00028,0.61,1,Languishing,False,0.111,0.038988,0.00028822
27507,3.5e-05,0.00028,0.61,2,Thriving,False,0.111,0.67971,359.63
27507,3.5e-05,0.00028,0.61,3,Languishing,False,0.111,0.020269,3.9449e-06
27507,3.5e-05,0.00028,0.61,4,Languishing,False,0.111,0.030019,0.00015544
27507,3.5e-05,0.00028,0.61,5,Languishing,False,0.111,0.026381,7.1884e-05
27507,3.5e-05,0.00028,0.61,6,Languishing,False,0.111,0.063044,3.4606e-06
27507,3.5e-05,0.00028,0.61,7,Languishing,True,0.111,0.017864,0.00026502
27507,3.5e-05,0.00028,0.61,8,Languishing,False,0.111,0.043347,0.011712
27507,3.5e-05,0.00028,0.61,9,Languishing,False,0.111,0.080376,0.0
28562,3.5e-05,0.00028,0.61,1,Languishing,False,0.111,0.017783,8.4953e-05
28562,3.5e-05,0.00028,0.61,2,Languishing,False,0.111,0.014281,2.1936e-05
28562,3.5e-05,0.00028,0.61,3,Languishing,False,0.111,0.027947,0.00018341
28562,3.5e-05,0.00028,0.61,4,Languishing,True,0.111,0.010863,1.2628e-05
28562,3.5e-05,0.00028,0.61,5,Languishing,False,0.111,0.04036,0.00072244
28562,3.5e-05,0.00028,0.61,6,Languishing,False,0.111,0.039426,3.0893e-05
28562,3.5e-05,0.00028,0.61,7,Surviving,False,0.111,0.016587,356.26
28562,3.5e-05,0.00028,0.61,8,Thriving,False,0.111,0.82022,5.6347e-06
28562,3.5e-05,0.00028,0.61,9,Languishing,False,0.111,0.01253,0.0
28861,3.5e-05,0.00028,0.61,1,Languishing,True,0.111,0.011821,2.0301e-06
28861,3.5e-05,0.00028,0.61,2,Languishing,False,0.111,0.01374,2.426e-06
28861,3.5e-05,0.00028,0.61,3,Languishing,False,0.111,0.043137,0.00034113
28861,3.5e-05,0.00028,0.61,4,Thriving,False,0.111,0.12773,0.020872
28861,3.5e-05,0.00028,0.61,5,Thriving,False,0.111,0.69705,356.2
28861,3.5e-05,0.00028,0.61,6,Languishing,False,0.111,0.013089,1.2595e-05
28861,3.5e-05,0.00028,0.61,7,Languishing,False,0.111,0.016794,0.0003726
28861,3.5e-05,0.00028,0.61,8,Languishing,False,0.111,0.044851,0.00019371
28861,3.5e-05,0.00028,0.61,9,Languishing,False,0.111,0.031791,0.0
28190,3.5e-05,0.00028,0.61,1,Languishing,False,0.111,0.026153,8.0036e-05
28190,3.5e-05,0.00028,0.61,2,Languishing,False,0.111,0.015048,1.051e-05
28190,3.5e-05,0.00028,0.61,3,Languishing,False,0.111,0.016585,2.2067e-05
28190,3.5e-05,0.00028,0.61,4,Languishing,False,0.111,0.074476,0.0082085
28190,3.5e-05,0.00028,0.61,5,Languishing,False,0.111,0.026693,0.00011089
28190,3.5e-05,0.00028,0.61,6,Languishing,False,0.111,0.025519,0.00029655
28190,3.5e-05,0.00028,0.61,7,Surviving,False,0.111,0.033828,365.56
28190,3.5e-05,0.00028,0.61,8,Thriving,False,0.111,0.76836,4.6681e-06
28190,3.5e-05,0.00028,0.61,9,Languishing,True,0.111,0.013341,0.0
27986,3.5e-05,0.00028,0.61,1,Thriving,False,0.111,0.70368,364.27
27986,3.5e-05,0.00028,0.61,2,Languishing,False,0.111,0.016851,5.1843e-06
27986,3.5e-05,0.00028,0.61,3,Languishing,False,0.111,0.023153,3.4654e-05
27986,3.5e-05,0.00028,0.61,4,Languishing,False,0.111,0.01797,5.3409e-06
27986,3.5e-05,0.00028,0.61,5,Languishing,False,0.111,0.097318,0.021283
27986,3.5e-05,0.00028,0.61,6,Languishing,True,0.111,0.015846,4.8717e-06
27986,3.5e-05,0.00028,0.61,7,Languishing,False,0.111,0.018135,1.7284e-05
27986,3.5e-05,0.00028,0.61,8,Languishing,False,0.111,0.020291,0.020314
27986,3.5e-05,0.00028,0.61,9,Languishing,False,0.111,0.08676,0.0
749148,3.5e-05,0.00028,0.61,1,Languishing,False,0.111,0.021667,2.9231e-05
749148,3.5e-05,0.00028,0.61,2,Languishing,False,0.111,0.0161,1.586e-05
749148,3.5e-05,0.00028,0.61,3,Languishing,False,0.111,0.021857,4.9351e-05
749148,3.5e-05,0.00028,0.61,4,Languishing,False,0.111,0.023873,7.5019e-05
749148,3.5e-05,0.00028,0.61,5,Languishing,False,0.111,0.02569,0.00011869
749148,3.5e-05,0.00028,0.61,6,Surviving,False,0.111,0.056686,377.97
749148,3.5e-05,0.00028,0.61,7,Thriving,False,0.111,0.77816,0.0004419
749148,3.5e-05,0.00028,0.61,8,Languishing,False,0.111,0.041286,2.6915e-06
749148,3.5e-05,0.00028,0.61,9,Languishing,True,0.111,0.01468,0.0
28649,3.5e-05,0.00028,0.61,1,Languishing,False,0.111,0.019322,4.7893e-06
28649,3.5e-05,0.00028,0.61,2,Languishing,False,0.111,0.020461,4.7136e-06
28649,3.5e-05,0.00028,0.61,3,Languishing,False,0.111,0.077509,0.017255
28649,3.5e-05,0.00028,0.61,4,Languishing,False,0.111,0.084774,0.023684
28649,3.5e-05,0.00028,0.61,5,Languishing,False,0.111,0.034683,0.00013124
28649,3.5e-05,0.00028,0.61,6,Languishing,True,0.111,0.014837,1.7808e-05
28649,3.5e-05,0.00028,0.61,7,Surviving,False,0.111,0.024096,358.45
28649,3.5e-05,0.00028,0.61,8,Thriving,False,0.111,0.70147,1.1246e-05
28649,3.5e-05,0.00028,0.61,9,Languishing,False,0.111,0.02285,0.0
28813,3.5e-05,0.00028,0.61,1,Languishing,False,0.111,0.014512,2.9527e-06
28813,3.5e-05,0.00028,0.61,2,Languishing,False,0.111,0.047861,0.0014625
28813,3.5e-05,0.00028,0.61,3,Languishing,False,0.111,0.019474,4.3427e-05
28813,3.5e-05,0.00028,0.61,4,Languishing,False,0.111,0.050892,0.0013584
28813,3.5e-05,0.00028,0.61,5,Languishing,False,0.111,0.020715,3.8401e-05
28813,3.5e-05,0.00028,0.61,6,Surviving,False,0.111,0.028286,370.6
28813,3.5e-05,0.00028,0.61,7,Thriving,False,0.111,0.78557,4.0941e-06
28813,3.5e-05,0.00028,0.61,8,Languishing,True,0.111,0.012691,4.3332e-05
28813,3.5e-05,0.00028,0.61,9,Languishing,False,0.111,0.019997,0.0
27832,3.5e-05,0.00028,0.61,1,Languishing,False,0.111,0.035996,0.00029252
27832,3.5e-05,0.00028,0.61,2,Languishing,False,0.111,0.039222,0.0023247
27832,3.5e-05,0.00028,0.61,3,Languishing,False,0.111,0.031311,0.00010089
27832,3.5e-05,0.00028,0.61,4,Languishing,False,0.111,0.021962,1.0606e-05
27832,3.5e-05,0.00028,0.61,5,Languishing,False,0.111,0.025864,4.2926e-05
27832,3.5e-05,0.00028,0.61,6,Thriving,False,0.111,0.71646,0.00075791
27832,3.5e-05,0.00028,0.61,7,Languishing,False,0.111,0.039965,0.010625
27832,3.5e-05,0.00028,0.61,8,Languishing,False,0.111,0.077396,1.8503e-06
27832,3.5e-05,0.00028,0.61,9,Languishing,True,0.111,0.01182,0.0
28914,3.5e-05,0.00028,0.61,1,Languishing,False,0.111,0.021003,1.2005e-05
28914,3.5e-05,0.00028,0.61,2,Languishing,False,0.111,0.031186,0.00040835
28914,3.5e-05,0.00028,0.61,3,Languishing,False,0.111,0.023562,0.00010855
28914,3.5e-05,0.00028,0.61,4,Languishing,False,0.111,0.049291,0.0018235
28914,3.5e-05,0.00028,0.61,5,Languishing,False,0.111,0.034123,0.00038788
28914,3.5e-05,0.00028,0.61,6,Surviving,True,0.111,0.015123,358.34
28914,3.5e-05,0.00028,0.61,7,Thriving,False,0.111,0.69453,1.1491e-05
28914,3.5e-05,0.00028,0.61,8,Languishing,False,0.111,0.023403,0.015307
28914,3.5e-05,0.00028,0.61,9,Thriving,False,0.111,0.10778,0.0
27790,3.5e-05,0.00028,0.61,1,Languishing,False,0.111,0.027942,0.00028007
27790,3.5e-05,0.00028,0.61,2,Languishing,False,0.111,0.018441,2.7151e-05
27790,3.5e-05,0.00028,0.61,3,Languishing,True,0.111,0.015389,2.6605e-05
27790,3.5e-05,0.00028,0.61,4,Languishing,False,0.111,0.020353,8.5614e-05
27790,3.5e-05,0.00028,0.61,5,Languishing,False,0.111,0.01847,3.9615e-05
27790,3.5e-05,0.00028,0.61,6,Languishing,False,0.111,0.025751,9.8066e-05
27790,3.5e-05,0.00028,0.61,7,Surviving,False,0.111,0.024631,378.54
27790,3.5e-05,0.00028,0.61,8,Thriving,False,0.111,0.82878,5.4532e-05
27790,3.5e-05,0.00028,0.61,9,Languishing,False,0.111,0.020247,0.0
5552368,3.5e-05,0.00028,0.61,1,Languishing,False,0.111,0.019949,1.2737e-05
5552368,3.5e-05,0.00028,0.61,2,Languishing,False,0.111,0.058852,0.0018459
5552368,3.5e-05,0.00028,0.61,3,Thriving,False,0.111,0.6319,358.89
5552368,3.5e-05,0.00028,0.61,4,Languishing,False,0.111,0.023297,4.608e-05
5552368,3.5e-05,0.00028,0.61,5,Languishing,True,0.111,0.014647,7.9722e-06
5552368,3.5e-05,0.00028,0.61,6,Thriving,False,0.111,0.19218,5.5558e-05
5552368,3.5e-05,0.00028,0.61,7,Languishing,False,0.111,0.019267,3.2748e-05
5552368,3.5e-05,0.00028,0.61,8,Languishing,False,0.111,0.019676,7.1744e-06
5552368,3.5e-05,0.00028,0.61,9,Languishing,False,0.111,0.020235,0.0
19260910,3.5e-05,0.00028,0.61,1,Thriving,False,0.111,0.79751,382.26
19260910,3.5e-05,0.00028,0.61,2,Languishing,False,0.111,0.024433,6.0339e-05
19260910,3.5e-05,0.00028,0.61,3,Languishing,False,0.111,0.016684,1.6099e-05
19260910,3.5e-05,0.00028,0.61,4,Languishing,False,0.111,0.056138,0.00071909
19260910,3.5e-05,0.00028,0.61,5,Languishing,True,0.111,0.012985,8.5758e-06
19260910,3.5e-05,0.00028,0.61,6,Languishing,False,0.111,0.016397,6.598e-06
19260910,3.5e-05,0.00028,0.61,7,Languishing,False,0.111,0.014345,0.00067199
19260910,3.5e-05,0.00028,0.61,8,Languishing,False,0.111,0.047873,8.3513e-06
19260910,3.5e-05,0.00028,0.61,9,Languishing,False,0.111,0.01363,0.0
8675305,3.5e-05,0.00028,0.61,1,Languishing,False,0.111,0.0372,0.00033017
8675305,3.5e-05,0.00028,0.61,2,Thriving,False,0.111,0.80651,373.15
8675305,3.5e-05,0.00028,0.61,3,Languishing,False,0.111,0.015216,2.7391e-05
8675305,3.5e-05,0.00028,0.61,4,Languishing,False,0.111,0.025102,0.00039707
8675305,3.5e-05,0.00028,0.61,5,Languishing,False,0.111,0.048852,0.0010404
8675305,3.5e-05,0.00028,0.61,6,Languishing,False,0.111,0.013767,0.00020144
8675305,3.5e-05,0.00028,0.61,7,Languishing,False,0.111,0.024169,8.9847e-06
8675305,3.5e-05,0.00028,0.61,8,Languishing,True,0.111,0.012788,3.4708e-05
8675305,3.5e-05,0.00028,0.61,9,Languishing,False,0.111,0.016398,0.0
27802,3.5e-05,0.00028,0.61,1,Languishing,False,0.111,0.015696,3.769e-06
27802,3.5e-05,0.00028,0.61,2,Languishing,False,0.111,0.019237,5.0741e-06
27802,3.5e-05,0.00028,0.61,3,Thriving,False,0.111,0.27335,8.3567
27802,3.5e-05,0.00028,0.61,4,Languishing,False,0.111,0.019704,1.0164e-05
27802,3.5e-05,0.00028,0.61,5,Languishing,True,0.111,0.011393,1.1365e-06
27802,3.5e-05,0.00028,0.61,6,Languishing,False,0.111,0.019407,1.2207e-05
27802,3.5e-05,0.00028,0.61,7,Surviving,False,0.111,0.024565,347.27
27802,3.5e-05,0.00028,0.61,8,Thriving,False,0.111,0.60498,4.0853e-07
27802,3.5e-05,0.00028,0.61,9,Languishing,False,0.111,0.011668,0.0
28551,3.5e-05,0.00028,0.61,1,Languishing,False,0.111,0.019301,7.7784e-06
28551,3.5e-05,0.00028,0.61,2,Languishing,False,0.111,0.035719,0.00024137
28551,3.5e-05,0.00028,0.61,3,Languishing,False,0.111,0.015329,2.369e-06
28551,3.5e-05,0.00028,0.61,4,Thriving,False,0.111,0.69012,352.97
28551,3.5e-05,0.00028,0.61,5,Languishing,True,0.111,0.014265,2.1254e-06
28551,3.5e-05,0.00028,0.61,6,Languishing,False,0.111,0.020836,3.9244e-06
28551,3.5e-05,0.00028,0.61,7,Languishing,False,0.111,0.016026,6.063e-06
28551,3.5e-05,0.00028,0.61,8,Languishing,False,0.111,0.02013,0.29555
28551,3.5e-05,0.00028,0.61,9,Thriving,False,0.111,0.16828,0.0
29154,3.5e-05,0.00028,0.61,1,Thriving,False,0.111,0.70789,362.7
29154,3.5e-05,0.00028,0.61,2,Languishing,True,0.111,0.01584,4.4524e-06
29154,3.5e-05,0.00028,0.61,3,Languishing,False,0.111,0.024895,3.3907e-05
29154,3.5e-05,0.00028,0.61,4,Languishing,False,0.111,0.017475,7.3182e-06
29154,3.5e-05,0.00028,0.61,5,Languishing,False,0.111,0.025874,8.5527e-05
29154,3.5e-05,0.00028,0.61,6,Languishing,False,0.111,0.018875,2.7258e-06
29154,3.5e-05,0.00028,0.61,7,Languishing,False,0.111,0.01859,0.0019565
29154,3.5e-05,0.00028,0.61,8,Languishing,False,0.111,0.065427,0.085889
29154,3.5e-05,0.00028,0.61,9,Thriving,False,0.111,0.10514,0.0
28364,3.5e-05,0.00028,0.61,1,Thriving,False,0.111,0.80121,364.82
28364,3.5e-05,0.00028,0.61,2,Languishing,False,0.111,0.021108,1.7033e-05
28364,3.5e-05,0.00028,0.61,3,Languishing,True,0.111,0.017172,1.5163e-05
28364,3.5e-05,0.00028,0.61,4,Languishing,False,0.111,0.019772,1.9046e-05
28364,3.5e-05,0.00028,0.61,5,Languishing,False,0.111,0.039254,0.00077398
28364,3.5e-05,0.00028,0.61,6,Languishing,False,0.111,0.018008,1.2851e-05
28364,3.5e-05,0.00028,0.61,7,Languishing,False,0.111,0.017357,0.00055175
28364,3.5e-05,0.00028,0.61,8,Languishing,False,0.111,0.03694,0.00016547
28364,3.5e-05,0.00028,0.61,9,Languishing,False,0.111,0.029175,0.0
74656,3.5e-05,0.00028,0.61,1,Thriving,False,0.111,0.78786,371.48
74656,3.5e-05,0.00028,0.61,2,Languishing,False,0.111,0.039112,0.0010812
74656,3.5e-05,0.00028,0.61,3,Languishing,True,0.111,0.011065,1.7119e-06
74656,3.5e-05,0.00028,0.61,4,Languishing,False,0.111,0.017707,5.6149e-05
74656,3.5e-05,0.00028,0.61,5,Languishing,False,0.111,0.032586,0.00077812
74656,3.5e-05,0.00028,0.61,6,Languishing,False,0.111,0.020199,1.8092e-05
74656,3.5e-05,0.00028,0.61,7,Languishing,False,0.111,0.014881,0.00039064
74656,3.5e-05,0.00028,0.61,8,Languishing,False,0.111,0.026703,0.0029474
74656,3.5e-05,0.00028,0.61,9,Languishing,False,0.111,0.049893,0.0
33564,3.5e-05,0.00028,0.61,1,Languishing,False,0.111,0.017976,1.1013e-05
33564,3.5e-05,0.00028,0.61,2,Languishing,False,0.111,0.013371,1.9366e-06
33564,3.5e-05,0.00028,0.61,3,Thriving,False,0.111,0.77687,364.67
33564,3.5e-05,0.00028,0.61,4,Languishing,False,0.111,0.016007,5.4835e-06
33564,3.5e-05,0.00028,0.61,5,Thriving,False,0.111,0.10321,0.0079063
33564,3.5e-05,0.00028,0.61,6,Languishing,True,0.111,0.012724,1.5361e-05
33564,3.5e-05,0.00028,0.61,7,Languishing,False,0.111,0.018398,8.9738e-06
33564,3.5e-05,0.00028,0.61,8,Languishing,False,0.111,0.014763,2.9608e-05
33564,3.5e-05,0.00028,0.61,9,Languishing,False,0.111,0.026682,0.0
27437,3.5e-05,0.00028,0.61,1,Thriving,False,0.111,0.77578,363.76
27437,3.5e-05,0.00028,0.61,2,Languishing,False,0.111,0.013521,2.491e-06
27437,3.5e-05,0.00028,0.61,3,Languishing,False,0.111,0.014074,3.9033e-06
27437,3.5e-05,0.00028,0.61,4,Languishing,True,0.111,0.01046,2.2654e-07
27437,3.5e-05,0.00028,0.61,5,Languishing,False,0.111,0.06719,0.0016469
27437,3.5e-05,0.00028,0.61,6,Languishing,False,0.111,0.0313,0.00036861
27437,3.5e-05,0.00028,0.61,7,Languishing,False,0.111,0.054554,4.8337e-06
27437,3.5e-05,0.00028,0.61,8,Languishing,False,0.111,0.014404,1.5059e-05
27437,3.5e-05,0.00028,0.61,9,Languishing,False,0.111,0.018722,0.0
2000,3.5e-05,0.00028,0.61,1,Languishing,False,0.111,0.014346,4.5765e-06
2000,3.5e-05,0.00028,0.61,2,Languishing,False,0.111,0.045129,0.00041881
2000,3.5e-05,0.00028,0.61,3,Languishing,True,0.111,0.011487,2.2869e-06
2000,3.5e-05,0.00028,0.61,4,Languishing,False,0.111,0.021043,0.00011066
2000,3.5e-05,0.00028,0.61,5,Languishing,False,0.111,0.015402,1.1801e-05
2000,3.5e-05,0.00028,0.61,6,Languishing,False,0.111,0.021086,0.00013533
2000,3.5e-05,0.00028,0.61,7,Languishing,False,0.111,0.037107,4.216e-06
2000,3.5e-05,0.00028,0.61,8,Surviving,False,0.111,0.014874,367.49
2000,3.5e-05,0.00028,0.61,9,Thriving,False,0.111,0.81953,0.0
31112,3.5e-05,0.00028,0.61,1,Languishing,False,0.111,0.021143,2.2818e-05
31112,3.5e-05,0.00028,0.61,2,Languishing,True,0.111,0.0211,3.3186e-05
31112,3.5e-05,0.00028,0.61,3,Languishing,False,0.111,0.039313,9.4668e-05
31112,3.5e-05,0.00028,0.61,4,Thriving,False,0.111,0.12212,0.049481
31112,3.5e-05,0.00028,0.61,5,Languishing,False,0.111,0.023221,1.5863e-05
31112,3.5e-05,0.00028,0.61,6,Languishing,False,0.111,0.052922,1.6222e-05
31112,3.5e-05,0.00028,0.61,7,Languishing,False,0.111,0.022279,0.00026213
31112,3.5e-05,0.00028,0.61,8,Surviving,False,0.111,0.030824,368.67
31112,3.5e-05,0.00028,0.61,9,Thriving,False,0.111,0.66708,0.0
28290,3.5e-05,0.00028,0.61,1,Thriving,False,0.111,0.11398,0.15067
28290,3.5e-05,0.00028,0.61,2,Languishing,False,0.111,0.015315,4.3486e-06
28290,3.5e-05,0.00028,0.61,3,Languishing,True,0.111,0.013272,2.2993e-06
28290,3.5e-05,0.00028,0.61,4,Languishing,False,0.111,0.013321,6.0874e-07
28290,3.5e-05,0.00028,0.61,5,Thriving,False,0.111,0.72385,367.2
28290,3.5e-05,0.00028,0.61,6,Languishing,False,0.111,0.067544,1.769e-06
28290,3.5e-05,0.00028,0.61,7,Languishing,False,0.111,0.014452,5.4969e-06
28290,3.5e-05,0.00028,0.61,8,Languishing,False,0.111,0.018555,1.4405e-05
28290,3.5e-05,0.00028,0.61,9,Languishing,False,0.111,0.019718,0.0
28106,3.5e-05,0.00028,0.61,1,Languishing,False,0.111,0.015639,1.8623e-06
28106,3.5e-05,0.00028,0.61,2,Languishing,False,0.111,0.066015,0.0053853
28106,3.5e-05,0.00028,0.61,3,Languishing,True,0.111,0.013667,3.45e-06
28106,3.5e-05,0.00028,0.61,4,Languishing,False,0.111,0.098716,0.033355
28106,3.5e-05,0.00028,0.61,5,Languishing,False,0.111,0.022369,4.0904e-05
28106,3.5e-05,0.00028,0.61,6,Surviving,False,0.111,0.028493,359.34
28106,3.5e-05,0.00028,0.61,7,Thriving,False,0.111,0.68223,2.3683e-05
28106,3.5e-05,0.00028,0.61,8,Languishing,False,0.111,0.021658,0.0012156
28106,3.5e-05,0.00028,0.61,9,Languishing,False,0.111,0.051213,0.0
28168,3.5e-05,0.00028,0.61,1,Languishing,True,0.111,0.015781,4.1538e-06
28168,3.5e-05,0.00028,0.61,2,Languishing,False,0.111,0.032845,0.00050788
28168,3.5e-05,0.00028,0.61,3,Languishing,False,0.111,0.037467,0.001104
28168,3.5e-05,0.00028,0.61,4,Thriving,False,0.111,0.79555,371.64
28168,3.5e-05,0.00028,0.61,5,Languishing,False,0.111,0.017819,2.5129e-05
28168,3.5e-05,0.00028,0.61,6,Languishing,False,0.111,0.018923,0.0002778
28168,3.5e-05,0.00028,0.61,7,Languishing,False,0.111,0.034717,0.00019328
28168,3.5e-05,0.00028,0.61,8,Languishing,False,0.111,0.024903,8.2511e-05
28168,3.5e-05,0.00028,0.61,9,Languishing,False,0.111,0.021992,0.0
27793,3.5e-05,0.00028,0.61,1,Languishing,False,0.111,0.022643,0.00012028
27793,3.5e-05,0.00028,0.61,2,Languishing,False,0.111,0.025016,0.00029968
27793,3.5e-05,0.00028,0.61,3,Languishing,False,0.111,0.030064,0.00045922
27793,3.5e-05,0.00028,0.61,4,Languishing,False,0.111,0.086353,0.008693
27793,3.5e-05,0.00028,0.61,5,Languishing,True,0.111,0.014738,2.3824e-06
27793,3.5e-05,0.00028,0.61,6,Thriving,False,0.111,0.7376,0.00010222
27793,3.5e-05,0.00028,0.61,7,Languishing,False,0.111,0.021206,6.3565e-05
27793,3.5e-05,0.00028,0.61,8,Languishing,False,0.111,0.017815,0.0014387
27793,3.5e-05,0.00028,0.61,9,Languishing,False,0.111,0.044565,0.0
28646,3.5e-05,0.00028,0.61,1,Thriving,False,0.111,0.80368,371.48
28646,3.5e-05,0.00028,0.61,2,Languishing,True,0.111,0.014019,2.2116e-06
28646,3.5e-05,0.00028,0.61,3,Languishing,False,0.111,0.033038,3.398e-05
28646,3.5e-05,0.00028,0.61,4,Languishing,False,0.111,0.01651,1.6485e-05
28646,3.5e-05,0.00028,0.61,5,Languishing,False,0.111,0.016,2.248e-05
28646,3.5e-05,0.00028,0.61,6,Languishing,False,0.111,0.035939,2.7961e-05
28646,3.5e-05,0.00028,0.61,7,Languishing,False,0.111,0.018867,0.00079888
28646,3.5e-05,0.00028,0.61,8,Languishing,False,0.111,0.046286,7.9827e-06
28646,3.5e-05,0.00028,0.61,9,Languishing,False,0.111,0.015663,0.0
25541,3.5e-05,0.00028,0.61,1,Languishing,False,0.111,0.016165,1.3619e-05
25541,3.5e-05,0.00028,0.61,2,Languishing,False,0.111,0.013385,6.4278e-06
25541,3.5e-05,0.00028,0.61,3,Thriving,False,0.111,0.8407,378.51
25541,3.5e-05,0.00028,0.61,4,Languishing,False,0.111,0.02409,0.00010195
25541,3.5e-05,0.00028,0.61,5,Languishing,False,0.111,0.0165,1.5277e-05
25541,3.5e-05,0.00028,0.61,6,Languishing,True,0.111,0.012576,0.0001498
25541,3.5e-05,0.00028,0.61,7,Languishing,False,0.111,0.023289,0.00083335
25541,3.5e-05,0.00028,0.61,8,Languishing,False,0.111,0.037189,1.7537e-05
25541,3.5e-05,0.00028,0.61,9,Languishing,False,0.111,0.016102,0.0
28260,3.5e-05,0.00028,0.61,1,Languishing,True,0.111,0.015523,6.1704e-06
28260,3.5e-05,0.00028,0.61,2,Languishing,False,0.111,0.025811,0.00012152
28260,3.5e-05,0.00028,0.61,3,Languishing,False,0.111,0.022781,2.9919e-05
28260,3.5e-05,0.00028,0.61,4,Thriving,False,0.111,0.75318,375.38
28260,3.5e-05,0.00028,0.61,5,Languishing,False,0.111,0.016353,2.9664e-06
28260,3.5e-05,0.00028,0.61,6,Languishing,False,0.111,0.071668,2.2934e-05
28260,3.5e-05,0.00028,0.61,7,Languishing,False,0.111,0.016558,1.4118e-05
28260,3.5e-05,0.00028,0.61,8,Languishing,False,0.111,0.016675,0.003118
28260,3.5e-05,0.00028,0.61,9,Languishing,False,0.111,0.061446,0.0
27763,3.5e-05,0.00028,0.61,1,Languishing,False,0.111,0.058306,0.0023782
27763,3.5e-05,0.00028,0.61,2,Languishing,False,0.111,0.017956,1.0672e-05
27763,3.5e-05,0.00028,0.61,3,Languishing,False,0.111,0.015906,4.196e-06
27763,3.5e-05,0.00028,0.61,4,Languishing,True,0.111,0.011525,6.5841e-07
27763,3.5e-05,0.00028,0.61,5,Languishing,False,0.111,0.093951,0.02017
27763,3.5e-05,0.00028,0.61,6,Languishing,False,0.111,0.028488,0.0077944
27763,3.5e-05,0.00028,0.61,7,Languishing,False,0.111,0.081509,6.9955e-06
27763,3.5e-05,0.00028,0.61,8,Surviving,False,0.111,0.020957,359.85
27763,3.5e-05,0.00028,0.61,9,Thriving,False,0.111,0.6714,0.0
28099,3.5e-05,0.00028,0.61,1,Thriving,False,0.111,0.18884,0.65706
28099,3.5e-05,0.00028,0.61,2,Languishing,False,0.111,0.014617,1.0219e-06
28099,3.5e-05,0.00028,0.61,3,Languishing,False,0.111,0.013697,8.528e-07
28099,3.5e-05,0.00028,0.61,4,Languishing,False,0.111,0.019714,3.3195e-06
28099,3.5e-05,0.00028,0.61,5,Thriving,False,0.111,0.68566,360.02
28099,3.5e-05,0.00028,0.61,6,Languishing,False,0.111,0.016541,6.5316e-06
28099,3.5e-05,0.00028,0.61,7,Languishing,False,0.111,0.021456,9.8449e-07
28099,3.5e-05,0.00028,0.61,8,Languishing,True,0.111,0.013599,1.1981e-05
28099,3.5e-05,0.00028,0.61,9,Languishing,False,0.111,0.025878,0.0
